time,event,q,instrument,order,name,side,quantity,type,limit-price,stop-price,fill-price,fill-quantity,note
2026-08-05 00:00:00.000000000,NEW,✨,BTCUSD,cqHMOmmdPuustkY,,BUY,0.01326,MARKET,,,,
2026-08-05 00:00:00.000000000,FILL,,BTCUSD,cqHMOmmdPuustkY,,BUY,0.01326,MARKET,,,79534,0.01326
2026-08-05 00:00:00.000000000,FILLED,✅,BTCUSD,cqHMOmmdPuustkY,,BUY,0,MARKET,,,,
2026-08-05 00:00:00.000000000,NEW,✨,BTCUSD,iaqUSvKOLeonZF9,,BUY,0.01338,LIMIT,78892,,,
2026-08-05 00:00:00.000000000,NEW,✨,BTCUSD,p2Rmex2iaa1oi46,,SELL,0.01318,LIMIT,80041,,,
2026-08-05 00:05:00.000000000,NEW,✨,BTCUSD,OnmO3C88O9rGbyu,,BUY,0.00219,LIMIT,78915,,,,Replace: iaqUSvKOLeonZF9
2026-08-05 00:05:00.000000000,REPLACE,🔄,BTCUSD,iaqUSvKOLeonZF9,,BUY,0.01338,LIMIT,78892,,,
2026-08-05 00:05:00.000000000,NEW,✨,BTCUSD,zvNR4nmvCLDcHBi,,SELL,0.00172,LIMIT,80028,,,,Replace: p2Rmex2iaa1oi46
2026-08-05 00:05:00.000000000,REPLACE,🔄,BTCUSD,p2Rmex2iaa1oi46,,SELL,0.01318,LIMIT,80041,,,
2026-08-05 00:10:00.000000000,NEW,✨,BTCUSD,BkIRhdTcNPoeJDG,,BUY,0.00211,LIMIT,78937,,,,Replace: OnmO3C88O9rGbyu
2026-08-05 00:10:00.000000000,REPLACE,🔄,BTCUSD,OnmO3C88O9rGbyu,,BUY,0.00219,LIMIT,78915,,,
2026-08-05 00:10:00.000000000,NEW,✨,BTCUSD,X6jud8vyXv4twT6,,SELL,0.00167,LIMIT,80015,,,,Replace: zvNR4nmvCLDcHBi
2026-08-05 00:10:00.000000000,REPLACE,🔄,BTCUSD,zvNR4nmvCLDcHBi,,SELL,0.00172,LIMIT,80028,,,
2026-08-05 00:15:00.000000000,NEW,✨,BTCUSD,xhoTL3p7Mem21Sd,,BUY,0.00207,LIMIT,78949,,,,Replace: BkIRhdTcNPoeJDG
2026-08-05 00:15:00.000000000,REPLACE,🔄,BTCUSD,BkIRhdTcNPoeJDG,,BUY,0.00211,LIMIT,78937,,,
2026-08-05 00:15:00.000000000,NEW,✨,BTCUSD,5G4NDU41tUvAalU,,SELL,0.0016,LIMIT,79993,,,,Replace: X6jud8vyXv4twT6
2026-08-05 00:15:00.000000000,REPLACE,🔄,BTCUSD,X6jud8vyXv4twT6,,SELL,0.00167,LIMIT,80015,,,
2026-08-05 00:20:00.000000000,NEW,✨,BTCUSD,jeJV0UAcLujQjhz,,BUY,0.00208,LIMIT,78947,,,,Replace: xhoTL3p7Mem21Sd
2026-08-05 00:20:00.000000000,REPLACE,🔄,BTCUSD,xhoTL3p7Mem21Sd,,BUY,0.00207,LIMIT,78949,,,
2026-08-05 00:20:00.000000000,NEW,✨,BTCUSD,dRQqmpD4E3mQF3r,,SELL,0.00151,LIMIT,79968,,,,Replace: 5G4NDU41tUvAalU
2026-08-05 00:20:00.000000000,REPLACE,🔄,BTCUSD,5G4NDU41tUvAalU,,SELL,0.0016,LIMIT,79993,,,
2026-08-05 00:25:00.000000000,NEW,✨,BTCUSD,VbpXeuW7K9hoRwL,,BUY,0.00205,LIMIT,78953,,,,Replace: jeJV0UAcLujQjhz
2026-08-05 00:25:00.000000000,REPLACE,🔄,BTCUSD,jeJV0UAcLujQjhz,,BUY,0.00208,LIMIT,78947,,,
2026-08-05 00:25:00.000000000,NEW,✨,BTCUSD,BclJLAN7adchuMF,,SELL,0.00143,LIMIT,79945,,,,Replace: dRQqmpD4E3mQF3r
2026-08-05 00:25:00.000000000,REPLACE,🔄,BTCUSD,dRQqmpD4E3mQF3r,,SELL,0.00151,LIMIT,79968,,,
2026-08-05 00:30:00.000000000,NEW,✨,BTCUSD,HYKZILrbJOeC9Ah,,BUY,0.002,LIMIT,78967,,,,Replace: VbpXeuW7K9hoRwL
2026-08-05 00:30:00.000000000,REPLACE,🔄,BTCUSD,VbpXeuW7K9hoRwL,,BUY,0.00205,LIMIT,78953,,,
2026-08-05 00:30:00.000000000,NEW,✨,BTCUSD,jm6muVWAvCTxYed,,SELL,0.00137,LIMIT,79927,,,,Replace: BclJLAN7adchuMF
2026-08-05 00:30:00.000000000,REPLACE,🔄,BTCUSD,BclJLAN7adchuMF,,SELL,0.00143,LIMIT,79945,,,
2026-08-05 00:35:00.000000000,NEW,✨,BTCUSD,4VqbxlC6IebarP3,,BUY,0.00199,LIMIT,78971,,,,Replace: HYKZILrbJOeC9Ah
2026-08-05 00:35:00.000000000,REPLACE,🔄,BTCUSD,HYKZILrbJOeC9Ah,,BUY,0.002,LIMIT,78967,,,
2026-08-05 00:35:00.000000000,NEW,✨,BTCUSD,HxSFTqfDHmKEDw0,,SELL,0.00129,LIMIT,79905,,,,Replace: jm6muVWAvCTxYed
2026-08-05 00:35:00.000000000,REPLACE,🔄,BTCUSD,jm6muVWAvCTxYed,,SELL,0.00137,LIMIT,79927,,,
2026-08-05 00:40:00.000000000,NEW,✨,BTCUSD,qRMebCYbHtZyZeP,,BUY,0.00196,LIMIT,78981,,,,Replace: 4VqbxlC6IebarP3
2026-08-05 00:40:00.000000000,REPLACE,🔄,BTCUSD,4VqbxlC6IebarP3,,BUY,0.00199,LIMIT,78971,,,
2026-08-05 00:40:00.000000000,NEW,✨,BTCUSD,p8ni3CoGcLBVsEO,,SELL,0.00123,LIMIT,79886,,,,Replace: HxSFTqfDHmKEDw0
2026-08-05 00:40:00.000000000,REPLACE,🔄,BTCUSD,HxSFTqfDHmKEDw0,,SELL,0.00129,LIMIT,79905,,,
2026-08-05 00:45:00.000000000,NEW,✨,BTCUSD,cOrgFct6G9WMHtm,,BUY,0.00206,LIMIT,78951,,,,Replace: qRMebCYbHtZyZeP
2026-08-05 00:45:00.000000000,REPLACE,🔄,BTCUSD,qRMebCYbHtZyZeP,,BUY,0.00196,LIMIT,78981,,,
2026-08-05 00:45:00.000000000,NEW,✨,BTCUSD,NJ8BcXxJyv2lWXm,,SELL,0.00117,LIMIT,79868,,,,Replace: p8ni3CoGcLBVsEO
2026-08-05 00:45:00.000000000,REPLACE,🔄,BTCUSD,p8ni3CoGcLBVsEO,,SELL,0.00123,LIMIT,79886,,,
2026-08-05 00:50:00.000000000,NEW,✨,BTCUSD,OLNiu3FaFOUkz78,,BUY,0.00214,LIMIT,78930,,,,Replace: cOrgFct6G9WMHtm
2026-08-05 00:50:00.000000000,REPLACE,🔄,BTCUSD,cOrgFct6G9WMHtm,,BUY,0.00206,LIMIT,78951,,,
2026-08-05 00:50:00.000000000,NEW,✨,BTCUSD,vTUeBs7MJUs2Bp9,,SELL,0.0011,LIMIT,79848,,,,Replace: NJ8BcXxJyv2lWXm
2026-08-05 00:50:00.000000000,REPLACE,🔄,BTCUSD,NJ8BcXxJyv2lWXm,,SELL,0.00117,LIMIT,79868,,,
2026-08-05 00:55:00.000000000,NEW,✨,BTCUSD,BItkYTa5EdR8hMU,,BUY,0.00214,LIMIT,78929,,,,Replace: OLNiu3FaFOUkz78
2026-08-05 00:55:00.000000000,REPLACE,🔄,BTCUSD,OLNiu3FaFOUkz78,,BUY,0.00214,LIMIT,78930,,,
2026-08-05 00:55:00.000000000,NEW,✨,BTCUSD,Tep7kDGPf4jIq7X,,SELL,0.00102,LIMIT,79826,,,,Replace: vTUeBs7MJUs2Bp9
2026-08-05 00:55:00.000000000,REPLACE,🔄,BTCUSD,vTUeBs7MJUs2Bp9,,SELL,0.0011,LIMIT,79848,,,
2026-08-05 01:00:00.000000000,NEW,✨,BTCUSD,xFOmDuwaDtOWPbq,,BUY,0.00212,LIMIT,78935,,,,Replace: BItkYTa5EdR8hMU
2026-08-05 01:00:00.000000000,REPLACE,🔄,BTCUSD,BItkYTa5EdR8hMU,,BUY,0.00214,LIMIT,78929,,,
2026-08-05 01:00:00.000000000,NEW,✨,BTCUSD,1pAaKYPS0daZVPv,,SELL,9.5E-4,LIMIT,79806,,,,Replace: Tep7kDGPf4jIq7X
2026-08-05 01:00:00.000000000,REPLACE,🔄,BTCUSD,Tep7kDGPf4jIq7X,,SELL,0.00102,LIMIT,79826,,,
2026-08-05 01:05:00.000000000,NEW,✨,BTCUSD,jCuorKH4C8Mu7qC,,BUY,0.0021,LIMIT,78941,,,,Replace: xFOmDuwaDtOWPbq
2026-08-05 01:05:00.000000000,REPLACE,🔄,BTCUSD,xFOmDuwaDtOWPbq,,BUY,0.00212,LIMIT,78935,,,
2026-08-05 01:05:00.000000000,NEW,✨,BTCUSD,ZzW3tuYVMDRq9iI,,SELL,8.8E-4,LIMIT,79787,,,,Replace: 1pAaKYPS0daZVPv
2026-08-05 01:05:00.000000000,REPLACE,🔄,BTCUSD,1pAaKYPS0daZVPv,,SELL,9.5E-4,LIMIT,79806,,,
2026-08-05 01:10:00.000000000,NEW,✨,BTCUSD,V9PqVldZBNJIp5Y,,BUY,0.00202,LIMIT,78961,,,,Replace: jCuorKH4C8Mu7qC
2026-08-05 01:10:00.000000000,REPLACE,🔄,BTCUSD,jCuorKH4C8Mu7qC,,BUY,0.0021,LIMIT,78941,,,
2026-08-05 01:10:00.000000000,NEW,✨,BTCUSD,7ArWSFiYhmH6o0g,,SELL,9.1E-4,LIMIT,79795,,,,Replace: ZzW3tuYVMDRq9iI
2026-08-05 01:10:00.000000000,REPLACE,🔄,BTCUSD,ZzW3tuYVMDRq9iI,,SELL,8.8E-4,LIMIT,79787,,,
2026-08-05 01:15:00.000000000,NEW,✨,BTCUSD,H6vtABy4AdHgXJv,,BUY,0.00198,LIMIT,78974,,,,Replace: V9PqVldZBNJIp5Y
2026-08-05 01:15:00.000000000,REPLACE,🔄,BTCUSD,V9PqVldZBNJIp5Y,,BUY,0.00202,LIMIT,78961,,,
2026-08-05 01:15:00.000000000,NEW,✨,BTCUSD,fLCz1arb3M8NTI4,,SELL,0.00105,LIMIT,79835,,,,Replace: 7ArWSFiYhmH6o0g
2026-08-05 01:15:00.000000000,REPLACE,🔄,BTCUSD,7ArWSFiYhmH6o0g,,SELL,9.1E-4,LIMIT,79795,,,
2026-08-05 01:20:00.000000000,NEW,✨,BTCUSD,43RvobJZ9sE4FYH,,BUY,0.00194,LIMIT,78984,,,,Replace: H6vtABy4AdHgXJv
2026-08-05 01:20:00.000000000,REPLACE,🔄,BTCUSD,H6vtABy4AdHgXJv,,BUY,0.00198,LIMIT,78974,,,
2026-08-05 01:20:00.000000000,NEW,✨,BTCUSD,DVYSbv0eOvzd7aR,,SELL,0.00123,LIMIT,79886,,,,Replace: fLCz1arb3M8NTI4
2026-08-05 01:20:00.000000000,REPLACE,🔄,BTCUSD,fLCz1arb3M8NTI4,,SELL,0.00105,LIMIT,79835,,,
2026-08-05 01:25:00.000000000,NEW,✨,BTCUSD,q0wxS2f388BSxnd,,BUY,0.00214,LIMIT,78930,,,,Replace: 43RvobJZ9sE4FYH
2026-08-05 01:25:00.000000000,REPLACE,🔄,BTCUSD,43RvobJZ9sE4FYH,,BUY,0.00194,LIMIT,78984,,,
2026-08-05 01:25:00.000000000,NEW,✨,BTCUSD,lgtvAG9hjUqumtp,,SELL,0.00186,LIMIT,80068,,,,Replace: DVYSbv0eOvzd7aR
2026-08-05 01:25:00.000000000,REPLACE,🔄,BTCUSD,DVYSbv0eOvzd7aR,,SELL,0.00123,LIMIT,79886,,,
2026-08-05 01:25:00.000000000,FILL,,BTCUSD,lgtvAG9hjUqumtp,,SELL,0.00186,LIMIT,80068,,80068,0.00186
2026-08-05 01:25:00.000000000,FILLED,✅,BTCUSD,lgtvAG9hjUqumtp,,SELL,0,LIMIT,80068,,,
2026-08-05 01:25:00.000000000,NEW,✨,BTCUSD,zfy7DUvoxXyBeVo,,SELL,0.00169,LIMIT,80637,,,
2026-08-05 01:30:00.000000000,NEW,✨,BTCUSD,cwSz7S0Y7N9qf2z,,BUY,0.00153,LIMIT,79563,,,,Replace: q0wxS2f388BSxnd
2026-08-05 01:30:00.000000000,REPLACE,🔄,BTCUSD,q0wxS2f388BSxnd,,BUY,0.00214,LIMIT,78930,,,
2026-08-05 01:30:00.000000000,NEW,✨,BTCUSD,JrEOjcIk54gBRBD,,SELL,0.00242,LIMIT,80888,,,,Replace: zfy7DUvoxXyBeVo
2026-08-05 01:30:00.000000000,REPLACE,🔄,BTCUSD,zfy7DUvoxXyBeVo,,SELL,0.00169,LIMIT,80637,,,
2026-08-05 01:35:00.000000000,NEW,✨,BTCUSD,Otx1ltM36c6ENGL,,BUY,0.00136,LIMIT,79618,,,,Replace: cwSz7S0Y7N9qf2z
2026-08-05 01:35:00.000000000,REPLACE,🔄,BTCUSD,cwSz7S0Y7N9qf2z,,BUY,0.00153,LIMIT,79563,,,
2026-08-05 01:35:00.000000000,NEW,✨,BTCUSD,r2asIxSnQdXR5Ta,,SELL,0.00289,LIMIT,81047,,,,Replace: JrEOjcIk54gBRBD
2026-08-05 01:35:00.000000000,REPLACE,🔄,BTCUSD,JrEOjcIk54gBRBD,,SELL,0.00242,LIMIT,80888,,,
2026-08-05 01:40:00.000000000,NEW,✨,BTCUSD,BqT3PJhY5s3c5Vh,,BUY,0.00115,LIMIT,79689,,,,Replace: Otx1ltM36c6ENGL
2026-08-05 01:40:00.000000000,REPLACE,🔄,BTCUSD,Otx1ltM36c6ENGL,,BUY,0.00136,LIMIT,79618,,,
2026-08-05 01:40:00.000000000,NEW,✨,BTCUSD,PCvLsIbrmDOikmy,,SELL,0.00359,LIMIT,81287,,,,Replace: r2asIxSnQdXR5Ta
2026-08-05 01:40:00.000000000,REPLACE,🔄,BTCUSD,r2asIxSnQdXR5Ta,,SELL,0.00289,LIMIT,81047,,,
2026-08-05 01:45:00.000000000,NEW,✨,BTCUSD,xnz64k32471znk4,,BUY,9.6E-4,LIMIT,79753,,,,Replace: BqT3PJhY5s3c5Vh
2026-08-05 01:45:00.000000000,REPLACE,🔄,BTCUSD,BqT3PJhY5s3c5Vh,,BUY,0.00115,LIMIT,79689,,,
2026-08-05 01:45:00.000000000,NEW,✨,BTCUSD,xNGoRdku7mFzP4M,,SELL,0.0041,LIMIT,81463,,,,Replace: PCvLsIbrmDOikmy
2026-08-05 01:45:00.000000000,REPLACE,🔄,BTCUSD,PCvLsIbrmDOikmy,,SELL,0.00359,LIMIT,81287,,,
2026-08-05 01:50:00.000000000,NEW,✨,BTCUSD,jkU8iAOX3NyNVzQ,,BUY,8.1E-4,LIMIT,79800,,,,Replace: xnz64k32471znk4
2026-08-05 01:50:00.000000000,REPLACE,🔄,BTCUSD,xnz64k32471znk4,,BUY,9.6E-4,LIMIT,79753,,,
2026-08-05 01:50:00.000000000,NEW,✨,BTCUSD,VYcH0ytxTM5F3Mj,,SELL,0.00432,LIMIT,81539,,,,Replace: xNGoRdku7mFzP4M
2026-08-05 01:50:00.000000000,REPLACE,🔄,BTCUSD,xNGoRdku7mFzP4M,,SELL,0.0041,LIMIT,81463,,,
2026-08-05 01:55:00.000000000,NEW,✨,BTCUSD,Vh0AMbk22cwlDEm,,BUY,6.2E-4,LIMIT,79864,,,,Replace: jkU8iAOX3NyNVzQ
2026-08-05 01:55:00.000000000,REPLACE,🔄,BTCUSD,jkU8iAOX3NyNVzQ,,BUY,8.1E-4,LIMIT,79800,,,
2026-08-05 01:55:00.000000000,NEW,✨,BTCUSD,3ixkZK30ovwWie7,,SELL,0.00478,LIMIT,81701,,,,Replace: VYcH0ytxTM5F3Mj
2026-08-05 01:55:00.000000000,REPLACE,🔄,BTCUSD,VYcH0ytxTM5F3Mj,,SELL,0.00432,LIMIT,81539,,,
2026-08-05 02:00:00.000000000,NEW,✨,BTCUSD,HeWC115X1rt9vS8,,BUY,4.5E-4,LIMIT,79920,,,,Replace: Vh0AMbk22cwlDEm
2026-08-05 02:00:00.000000000,REPLACE,🔄,BTCUSD,Vh0AMbk22cwlDEm,,BUY,6.2E-4,LIMIT,79864,,,
2026-08-05 02:00:00.000000000,NEW,✨,BTCUSD,btID9fC3AVnmNxV,,SELL,0.00508,LIMIT,81806,,,,Replace: 3ixkZK30ovwWie7
2026-08-05 02:00:00.000000000,REPLACE,🔄,BTCUSD,3ixkZK30ovwWie7,,SELL,0.00478,LIMIT,81701,,,
2026-08-05 02:05:00.000000000,NEW,✨,BTCUSD,4b1EfSQ107qXdhU,,BUY,3.3E-4,LIMIT,79960,,,,Replace: HeWC115X1rt9vS8
2026-08-05 02:05:00.000000000,REPLACE,🔄,BTCUSD,HeWC115X1rt9vS8,,BUY,4.5E-4,LIMIT,79920,,,
2026-08-05 02:05:00.000000000,NEW,✨,BTCUSD,94egi0L6V4e32Fs,,SELL,0.00518,LIMIT,81841,,,,Replace: btID9fC3AVnmNxV
2026-08-05 02:05:00.000000000,REPLACE,🔄,BTCUSD,btID9fC3AVnmNxV,,SELL,0.00508,LIMIT,81806,,,
2026-08-05 02:10:00.000000000,NEW,✨,BTCUSD,qYXGJsmWzMovLwq,,BUY,2.2E-4,LIMIT,79998,,,,Replace: 4b1EfSQ107qXdhU
2026-08-05 02:10:00.000000000,REPLACE,🔄,BTCUSD,4b1EfSQ107qXdhU,,BUY,3.3E-4,LIMIT,79960,,,
2026-08-05 02:10:00.000000000,NEW,✨,BTCUSD,hFz9HLU9reUKgXG,,SELL,0.00527,LIMIT,81870,,,,Replace: 94egi0L6V4e32Fs
2026-08-05 02:10:00.000000000,REPLACE,🔄,BTCUSD,94egi0L6V4e32Fs,,SELL,0.00518,LIMIT,81841,,,
2026-08-05 02:15:00.000000000,NEW,✨,BTCUSD,cU2IyJ71yclJ3BD,,BUY,1.2E-4,LIMIT,80032,,,,Replace: qYXGJsmWzMovLwq
2026-08-05 02:15:00.000000000,REPLACE,🔄,BTCUSD,qYXGJsmWzMovLwq,,BUY,2.2E-4,LIMIT,79998,,,
2026-08-05 02:15:00.000000000,NEW,✨,BTCUSD,FPKcqhdCCDLaLpe,,SELL,0.0053,LIMIT,81882,,,,Replace: hFz9HLU9reUKgXG
2026-08-05 02:15:00.000000000,REPLACE,🔄,BTCUSD,hFz9HLU9reUKgXG,,SELL,0.00527,LIMIT,81870,,,
2026-08-05 02:20:00.000000000,NEW,✨,BTCUSD,ORYLcjTVxrjhlQZ,,BUY,4E-5,LIMIT,80058,,,,Replace: cU2IyJ71yclJ3BD
2026-08-05 02:20:00.000000000,REPLACE,🔄,BTCUSD,cU2IyJ71yclJ3BD,,BUY,1.2E-4,LIMIT,80032,,,
2026-08-05 02:20:00.000000000,NEW,✨,BTCUSD,nag5P2nFYmCr081,,SELL,0.00527,LIMIT,81872,,,,Replace: FPKcqhdCCDLaLpe
2026-08-05 02:20:00.000000000,REPLACE,🔄,BTCUSD,FPKcqhdCCDLaLpe,,SELL,0.0053,LIMIT,81882,,,
2026-08-05 02:25:00.000000000,NEW,✨,BTCUSD,BO4NGAo0w6g5Tev,,BUY,2E-5,LIMIT,80075,,,,Replace: ORYLcjTVxrjhlQZ
2026-08-05 02:25:00.000000000,REPLACE,🔄,BTCUSD,ORYLcjTVxrjhlQZ,,BUY,4E-5,LIMIT,80058,,,
2026-08-05 02:25:00.000000000,NEW,✨,BTCUSD,Ll1YzNwItM37eQP,,SELL,0.00519,LIMIT,81842,,,,Replace: nag5P2nFYmCr081
2026-08-05 02:25:00.000000000,REPLACE,🔄,BTCUSD,nag5P2nFYmCr081,,SELL,0.00527,LIMIT,81872,,,
2026-08-05 02:30:00.000000000,NEW,✨,BTCUSD,xLZPvaAVvMdTBtH,,BUY,6E-5,LIMIT,80089,,,,Replace: BO4NGAo0w6g5Tev
2026-08-05 02:30:00.000000000,REPLACE,🔄,BTCUSD,BO4NGAo0w6g5Tev,,BUY,2E-5,LIMIT,80075,,,
2026-08-05 02:30:00.000000000,NEW,✨,BTCUSD,tvM1Yi5LFvtOJin,,SELL,0.00508,LIMIT,81804,,,,Replace: Ll1YzNwItM37eQP
2026-08-05 02:30:00.000000000,REPLACE,🔄,BTCUSD,Ll1YzNwItM37eQP,,SELL,0.00519,LIMIT,81842,,,
2026-08-05 02:35:00.000000000,NEW,✨,BTCUSD,jI5RZ1V0ubbrt8d,,BUY,9E-5,LIMIT,80098,,,,Replace: xLZPvaAVvMdTBtH
2026-08-05 02:35:00.000000000,REPLACE,🔄,BTCUSD,xLZPvaAVvMdTBtH,,BUY,6E-5,LIMIT,80089,,,
2026-08-05 02:35:00.000000000,NEW,✨,BTCUSD,R6iU73EOaVkfy0A,,SELL,0.00495,LIMIT,81760,,,,Replace: tvM1Yi5LFvtOJin
2026-08-05 02:35:00.000000000,REPLACE,🔄,BTCUSD,tvM1Yi5LFvtOJin,,SELL,0.00508,LIMIT,81804,,,
2026-08-05 02:40:00.000000000,NEW,✨,BTCUSD,VFbTDRqUtrYFbNz,,BUY,8E-5,LIMIT,80094,,,,Replace: jI5RZ1V0ubbrt8d
2026-08-05 02:40:00.000000000,REPLACE,🔄,BTCUSD,jI5RZ1V0ubbrt8d,,BUY,9E-5,LIMIT,80098,,,
2026-08-05 02:40:00.000000000,FILL,,BTCUSD,VFbTDRqUtrYFbNz,,BUY,8E-5,LIMIT,80094,,80094,8E-5
2026-08-05 02:40:00.000000000,FILLED,✅,BTCUSD,VFbTDRqUtrYFbNz,,BUY,0,LIMIT,80094,,,
2026-08-05 02:40:00.000000000,NEW,✨,BTCUSD,Q5tzuUk2CeoO2tF,,SELL,0.00479,LIMIT,81703,,,,Replace: R6iU73EOaVkfy0A
2026-08-05 02:40:00.000000000,REPLACE,🔄,BTCUSD,R6iU73EOaVkfy0A,,SELL,0.00495,LIMIT,81760,,,
2026-08-05 02:40:00.000000000,NEW,✨,BTCUSD,wXHw7JzbGjeDaey,,BUY,0.00229,LIMIT,79291,,,
2026-08-05 02:45:00.000000000,NEW,✨,BTCUSD,IC6VssCzs6VdJbM,,BUY,0.00223,LIMIT,79310,,,,Replace: wXHw7JzbGjeDaey
2026-08-05 02:45:00.000000000,REPLACE,🔄,BTCUSD,wXHw7JzbGjeDaey,,BUY,0.00229,LIMIT,79291,,,
2026-08-05 02:45:00.000000000,NEW,✨,BTCUSD,XROQGkXUHeSCHbw,,SELL,0.00246,LIMIT,80867,,,,Replace: Q5tzuUk2CeoO2tF
2026-08-05 02:45:00.000000000,REPLACE,🔄,BTCUSD,Q5tzuUk2CeoO2tF,,SELL,0.00479,LIMIT,81703,,,
2026-08-05 02:50:00.000000000,NEW,✨,BTCUSD,49cYWIXUqLT11qi,,BUY,0.00215,LIMIT,79337,,,,Replace: IC6VssCzs6VdJbM
2026-08-05 02:50:00.000000000,REPLACE,🔄,BTCUSD,IC6VssCzs6VdJbM,,BUY,0.00223,LIMIT,79310,,,
2026-08-05 02:50:00.000000000,NEW,✨,BTCUSD,5cktp5gXdDJSwtJ,,SELL,0.00239,LIMIT,80844,,,,Replace: XROQGkXUHeSCHbw
2026-08-05 02:50:00.000000000,REPLACE,🔄,BTCUSD,XROQGkXUHeSCHbw,,SELL,0.00246,LIMIT,80867,,,
2026-08-05 02:55:00.000000000,NEW,✨,BTCUSD,q67aBjtzpbQPj54,,BUY,0.0021,LIMIT,79355,,,,Replace: 49cYWIXUqLT11qi
2026-08-05 02:55:00.000000000,REPLACE,🔄,BTCUSD,49cYWIXUqLT11qi,,BUY,0.00215,LIMIT,79337,,,
2026-08-05 02:55:00.000000000,NEW,✨,BTCUSD,dn5MOQpayn9jbBh,,SELL,0.0023,LIMIT,80814,,,,Replace: 5cktp5gXdDJSwtJ
2026-08-05 02:55:00.000000000,REPLACE,🔄,BTCUSD,5cktp5gXdDJSwtJ,,SELL,0.00239,LIMIT,80844,,,
2026-08-05 03:00:00.000000000,NEW,✨,BTCUSD,c2dcp9EToqOnRKQ,,BUY,0.00204,LIMIT,79371,,,,Replace: q67aBjtzpbQPj54
2026-08-05 03:00:00.000000000,REPLACE,🔄,BTCUSD,q67aBjtzpbQPj54,,BUY,0.0021,LIMIT,79355,,,
2026-08-05 03:00:00.000000000,NEW,✨,BTCUSD,ByQpxlzdKM00FU5,,SELL,0.00221,LIMIT,80784,,,,Replace: dn5MOQpayn9jbBh
2026-08-05 03:00:00.000000000,REPLACE,🔄,BTCUSD,dn5MOQpayn9jbBh,,SELL,0.0023,LIMIT,80814,,,
2026-08-05 03:05:00.000000000,NEW,✨,BTCUSD,Oz9eTaayn6LB9Zm,,BUY,0.00202,LIMIT,79380,,,,Replace: c2dcp9EToqOnRKQ
2026-08-05 03:05:00.000000000,REPLACE,🔄,BTCUSD,c2dcp9EToqOnRKQ,,BUY,0.00204,LIMIT,79371,,,
2026-08-05 03:05:00.000000000,NEW,✨,BTCUSD,j8mIX78gfwrGumS,,SELL,0.00212,LIMIT,80753,,,,Replace: ByQpxlzdKM00FU5
2026-08-05 03:05:00.000000000,REPLACE,🔄,BTCUSD,ByQpxlzdKM00FU5,,SELL,0.00221,LIMIT,80784,,,
2026-08-05 03:10:00.000000000,NEW,✨,BTCUSD,Bweg80vTmLIZrn8,,BUY,0.00196,LIMIT,79400,,,,Replace: Oz9eTaayn6LB9Zm
2026-08-05 03:10:00.000000000,REPLACE,🔄,BTCUSD,Oz9eTaayn6LB9Zm,,BUY,0.00202,LIMIT,79380,,,
2026-08-05 03:10:00.000000000,NEW,✨,BTCUSD,HJ7l6SHj1ViXZ4q,,SELL,0.00205,LIMIT,80728,,,,Replace: j8mIX78gfwrGumS
2026-08-05 03:10:00.000000000,REPLACE,🔄,BTCUSD,j8mIX78gfwrGumS,,SELL,0.00212,LIMIT,80753,,,
2026-08-05 03:15:00.000000000,NEW,✨,BTCUSD,xtAimRHylaGxZ2V,,BUY,0.00187,LIMIT,79429,,,,Replace: Bweg80vTmLIZrn8
2026-08-05 03:15:00.000000000,REPLACE,🔄,BTCUSD,Bweg80vTmLIZrn8,,BUY,0.00196,LIMIT,79400,,,
2026-08-05 03:15:00.000000000,NEW,✨,BTCUSD,pUSEfnQmM5YnDME,,SELL,0.00202,LIMIT,80718,,,,Replace: HJ7l6SHj1ViXZ4q
2026-08-05 03:15:00.000000000,REPLACE,🔄,BTCUSD,HJ7l6SHj1ViXZ4q,,SELL,0.00205,LIMIT,80728,,,
2026-08-05 03:20:00.000000000,NEW,✨,BTCUSD,jqflQrcSkqDLHHr,,BUY,0.00178,LIMIT,79457,,,,Replace: xtAimRHylaGxZ2V
2026-08-05 03:20:00.000000000,REPLACE,🔄,BTCUSD,xtAimRHylaGxZ2V,,BUY,0.00187,LIMIT,79429,,,
2026-08-05 03:20:00.000000000,NEW,✨,BTCUSD,NeohE8ZpieP4sfb,,SELL,0.00199,LIMIT,80708,,,,Replace: pUSEfnQmM5YnDME
2026-08-05 03:20:00.000000000,REPLACE,🔄,BTCUSD,pUSEfnQmM5YnDME,,SELL,0.00202,LIMIT,80718,,,
2026-08-05 03:25:00.000000000,NEW,✨,BTCUSD,VnBn5Ixxj5BjzWD,,BUY,0.00174,LIMIT,79472,,,,Replace: jqflQrcSkqDLHHr
2026-08-05 03:25:00.000000000,REPLACE,🔄,BTCUSD,jqflQrcSkqDLHHr,,BUY,0.00178,LIMIT,79457,,,
2026-08-05 03:25:00.000000000,NEW,✨,BTCUSD,vp9AoTjs3DGLXxz,,SELL,0.00192,LIMIT,80684,,,,Replace: NeohE8ZpieP4sfb
2026-08-05 03:25:00.000000000,REPLACE,🔄,BTCUSD,NeohE8ZpieP4sfb,,SELL,0.00199,LIMIT,80708,,,
2026-08-05 03:30:00.000000000,NEW,✨,BTCUSD,IkhpjiJSiL87hkZ,,BUY,0.00171,LIMIT,79480,,,,Replace: VnBn5Ixxj5BjzWD
2026-08-05 03:30:00.000000000,REPLACE,🔄,BTCUSD,VnBn5Ixxj5BjzWD,,BUY,0.00174,LIMIT,79472,,,
2026-08-05 03:30:00.000000000,NEW,✨,BTCUSD,T0VeNpsvPn7bBFN,,SELL,0.00184,LIMIT,80657,,,,Replace: vp9AoTjs3DGLXxz
2026-08-05 03:30:00.000000000,REPLACE,🔄,BTCUSD,vp9AoTjs3DGLXxz,,SELL,0.00192,LIMIT,80684,,,
2026-08-05 03:35:00.000000000,NEW,✨,BTCUSD,4hCrN8ewha5UPzv,,BUY,0.00168,LIMIT,79491,,,,Replace: IkhpjiJSiL87hkZ
2026-08-05 03:35:00.000000000,REPLACE,🔄,BTCUSD,IkhpjiJSiL87hkZ,,BUY,0.00171,LIMIT,79480,,,
2026-08-05 03:35:00.000000000,NEW,✨,BTCUSD,2Bq7wA1ykMxsqXk,,SELL,0.00176,LIMIT,80632,,,,Replace: T0VeNpsvPn7bBFN
2026-08-05 03:35:00.000000000,REPLACE,🔄,BTCUSD,T0VeNpsvPn7bBFN,,SELL,0.00184,LIMIT,80657,,,
2026-08-05 03:40:00.000000000,NEW,✨,BTCUSD,qeit2Z0Rgp3s7EH,,BUY,0.00168,LIMIT,79491,,,,Replace: 4hCrN8ewha5UPzv
2026-08-05 03:40:00.000000000,REPLACE,🔄,BTCUSD,4hCrN8ewha5UPzv,,BUY,0.00168,LIMIT,79491,,,
2026-08-05 03:40:00.000000000,NEW,✨,BTCUSD,aLBaVVA16wo8Vq8,,SELL,0.00168,LIMIT,80605,,,,Replace: 2Bq7wA1ykMxsqXk
2026-08-05 03:40:00.000000000,REPLACE,🔄,BTCUSD,2Bq7wA1ykMxsqXk,,SELL,0.00176,LIMIT,80632,,,
2026-08-05 03:45:00.000000000,NEW,✨,BTCUSD,cbEvgzLwf50GpTe,,BUY,0.00164,LIMIT,79503,,,,Replace: qeit2Z0Rgp3s7EH
2026-08-05 03:45:00.000000000,REPLACE,🔄,BTCUSD,qeit2Z0Rgp3s7EH,,BUY,0.00168,LIMIT,79491,,,
2026-08-05 03:45:00.000000000,NEW,✨,BTCUSD,8WX35qK4RVfPA8W,,SELL,0.00162,LIMIT,80583,,,,Replace: aLBaVVA16wo8Vq8
2026-08-05 03:45:00.000000000,REPLACE,🔄,BTCUSD,aLBaVVA16wo8Vq8,,SELL,0.00168,LIMIT,80605,,,
2026-08-05 03:50:00.000000000,NEW,✨,BTCUSD,OXjxKQhReKxeXi0,,BUY,0.00161,LIMIT,79514,,,,Replace: cbEvgzLwf50GpTe
2026-08-05 03:50:00.000000000,REPLACE,🔄,BTCUSD,cbEvgzLwf50GpTe,,BUY,0.00164,LIMIT,79503,,,
2026-08-05 03:50:00.000000000,NEW,✨,BTCUSD,ghsWeBT7n5WgoQt,,SELL,0.00155,LIMIT,80560,,,,Replace: 8WX35qK4RVfPA8W
2026-08-05 03:50:00.000000000,REPLACE,🔄,BTCUSD,8WX35qK4RVfPA8W,,SELL,0.00162,LIMIT,80583,,,
2026-08-05 03:55:00.000000000,NEW,✨,BTCUSD,BUF0zq2vdZv2FwM,,BUY,0.00156,LIMIT,79530,,,,Replace: OXjxKQhReKxeXi0
2026-08-05 03:55:00.000000000,REPLACE,🔄,BTCUSD,OXjxKQhReKxeXi0,,BUY,0.00161,LIMIT,79514,,,
2026-08-05 03:55:00.000000000,NEW,✨,BTCUSD,ErDzDXcA8eMwTiH,,SELL,0.0015,LIMIT,80542,,,,Replace: ghsWeBT7n5WgoQt
2026-08-05 03:55:00.000000000,REPLACE,🔄,BTCUSD,ghsWeBT7n5WgoQt,,SELL,0.00155,LIMIT,80560,,,
2026-08-05 04:00:00.000000000,NEW,✨,BTCUSD,xRk2dHOQcpsQxBi,,BUY,0.00149,LIMIT,79552,,,,Replace: BUF0zq2vdZv2FwM
2026-08-05 04:00:00.000000000,REPLACE,🔄,BTCUSD,BUF0zq2vdZv2FwM,,BUY,0.00156,LIMIT,79530,,,
2026-08-05 04:00:00.000000000,NEW,✨,BTCUSD,m2ZSmslDUEDD81f,,SELL,0.00147,LIMIT,80533,,,,Replace: ErDzDXcA8eMwTiH
2026-08-05 04:00:00.000000000,REPLACE,🔄,BTCUSD,ErDzDXcA8eMwTiH,,SELL,0.0015,LIMIT,80542,,,
2026-08-05 04:05:00.000000000,NEW,✨,BTCUSD,jOG4Hhjvb4qofQ4,,BUY,0.00143,LIMIT,79574,,,,Replace: xRk2dHOQcpsQxBi
2026-08-05 04:05:00.000000000,REPLACE,🔄,BTCUSD,xRk2dHOQcpsQxBi,,BUY,0.00149,LIMIT,79552,,,
2026-08-05 04:05:00.000000000,NEW,✨,BTCUSD,KDuvLDuGpn4TmJ2,,SELL,0.00145,LIMIT,80528,,,,Replace: m2ZSmslDUEDD81f
2026-08-05 04:05:00.000000000,REPLACE,🔄,BTCUSD,m2ZSmslDUEDD81f,,SELL,0.00147,LIMIT,80533,,,
2026-08-05 04:10:00.000000000,NEW,✨,BTCUSD,VLm6w84QaKnCNfR,,BUY,0.00136,LIMIT,79595,,,,Replace: jOG4Hhjvb4qofQ4
2026-08-05 04:10:00.000000000,REPLACE,🔄,BTCUSD,jOG4Hhjvb4qofQ4,,BUY,0.00143,LIMIT,79574,,,
2026-08-05 04:10:00.000000000,NEW,✨,BTCUSD,sNFOvY4JBNvkRbQ,,SELL,0.00144,LIMIT,80524,,,,Replace: KDuvLDuGpn4TmJ2
2026-08-05 04:10:00.000000000,REPLACE,🔄,BTCUSD,KDuvLDuGpn4TmJ2,,SELL,0.00145,LIMIT,80528,,,
2026-08-05 04:15:00.000000000,NEW,✨,BTCUSD,IIH8aYQuZZka5un,,BUY,0.00129,LIMIT,79617,,,,Replace: VLm6w84QaKnCNfR
2026-08-05 04:15:00.000000000,REPLACE,🔄,BTCUSD,VLm6w84QaKnCNfR,,BUY,0.00136,LIMIT,79595,,,
2026-08-05 04:15:00.000000000,NEW,✨,BTCUSD,QYbrUuDMWwl16to,,SELL,0.00148,LIMIT,80535,,,,Replace: sNFOvY4JBNvkRbQ
2026-08-05 04:15:00.000000000,REPLACE,🔄,BTCUSD,sNFOvY4JBNvkRbQ,,SELL,0.00144,LIMIT,80524,,,
2026-08-05 04:20:00.000000000,NEW,✨,BTCUSD,4FnAEzlPYoiyn89,,BUY,0.00123,LIMIT,79638,,,,Replace: IIH8aYQuZZka5un
2026-08-05 04:20:00.000000000,REPLACE,🔄,BTCUSD,IIH8aYQuZZka5un,,BUY,0.00129,LIMIT,79617,,,
2026-08-05 04:20:00.000000000,NEW,✨,BTCUSD,yjwK3FMPsVcHkCB,,SELL,0.00147,LIMIT,80534,,,,Replace: QYbrUuDMWwl16to
2026-08-05 04:20:00.000000000,REPLACE,🔄,BTCUSD,QYbrUuDMWwl16to,,SELL,0.00148,LIMIT,80535,,,
2026-08-05 04:25:00.000000000,NEW,✨,BTCUSD,qCIDtP7uX4fMUNV,,BUY,0.00117,LIMIT,79658,,,,Replace: 4FnAEzlPYoiyn89
2026-08-05 04:25:00.000000000,REPLACE,🔄,BTCUSD,4FnAEzlPYoiyn89,,BUY,0.00123,LIMIT,79638,,,
2026-08-05 04:25:00.000000000,NEW,✨,BTCUSD,WuHncaVSD5TYPUZ,,SELL,0.00153,LIMIT,80554,,,,Replace: yjwK3FMPsVcHkCB
2026-08-05 04:25:00.000000000,REPLACE,🔄,BTCUSD,yjwK3FMPsVcHkCB,,SELL,0.00147,LIMIT,80534,,,
2026-08-05 04:30:00.000000000,NEW,✨,BTCUSD,c9oFXqSPWJdkCcr,,BUY,0.00111,LIMIT,79679,,,,Replace: qCIDtP7uX4fMUNV
2026-08-05 04:30:00.000000000,REPLACE,🔄,BTCUSD,qCIDtP7uX4fMUNV,,BUY,0.00117,LIMIT,79658,,,
2026-08-05 04:30:00.000000000,NEW,✨,BTCUSD,44dGCvfVZeKo4mx,,SELL,0.00157,LIMIT,80568,,,,Replace: WuHncaVSD5TYPUZ
2026-08-05 04:30:00.000000000,REPLACE,🔄,BTCUSD,WuHncaVSD5TYPUZ,,SELL,0.00153,LIMIT,80554,,,
2026-08-05 04:35:00.000000000,NEW,✨,BTCUSD,O5KHBGotVZa8urD,,BUY,0.00104,LIMIT,79700,,,,Replace: c9oFXqSPWJdkCcr
2026-08-05 04:35:00.000000000,REPLACE,🔄,BTCUSD,c9oFXqSPWJdkCcr,,BUY,0.00111,LIMIT,79679,,,
2026-08-05 04:35:00.000000000,NEW,✨,BTCUSD,cFyjlGoYuEA5i4K,,SELL,0.0016,LIMIT,80578,,,,Replace: 44dGCvfVZeKo4mx
2026-08-05 04:35:00.000000000,REPLACE,🔄,BTCUSD,44dGCvfVZeKo4mx,,SELL,0.00157,LIMIT,80568,,,
2026-08-05 04:40:00.000000000,NEW,✨,BTCUSD,B2pJqh9OUoXWc5a,,BUY,9.8E-4,LIMIT,79721,,,,Replace: O5KHBGotVZa8urD
2026-08-05 04:40:00.000000000,REPLACE,🔄,BTCUSD,O5KHBGotVZa8urD,,BUY,0.00104,LIMIT,79700,,,
2026-08-05 04:40:00.000000000,NEW,✨,BTCUSD,AQJCKcxbGn1MNNi,,SELL,0.0016,LIMIT,80578,,,,Replace: cFyjlGoYuEA5i4K
2026-08-05 04:40:00.000000000,REPLACE,🔄,BTCUSD,cFyjlGoYuEA5i4K,,SELL,0.0016,LIMIT,80578,,,
2026-08-05 04:45:00.000000000,NEW,✨,BTCUSD,xzLLU7VtT3VuKKw,,BUY,9.2E-4,LIMIT,79741,,,,Replace: B2pJqh9OUoXWc5a
2026-08-05 04:45:00.000000000,REPLACE,🔄,BTCUSD,B2pJqh9OUoXWc5a,,BUY,9.8E-4,LIMIT,79721,,,
2026-08-05 04:45:00.000000000,NEW,✨,BTCUSD,iafftx6ebNsc2f6,,SELL,0.00162,LIMIT,80585,,,,Replace: AQJCKcxbGn1MNNi
2026-08-05 04:45:00.000000000,REPLACE,🔄,BTCUSD,AQJCKcxbGn1MNNi,,SELL,0.0016,LIMIT,80578,,,
2026-08-05 04:50:00.000000000,NEW,✨,BTCUSD,jwrN9YqNSJSI2ZI,,BUY,8.8E-4,LIMIT,79753,,,,Replace: xzLLU7VtT3VuKKw
2026-08-05 04:50:00.000000000,REPLACE,🔄,BTCUSD,xzLLU7VtT3VuKKw,,BUY,9.2E-4,LIMIT,79741,,,
2026-08-05 04:50:00.000000000,NEW,✨,BTCUSD,Gl08TIFhxwjthxT,,SELL,0.00158,LIMIT,80569,,,,Replace: iafftx6ebNsc2f6
2026-08-05 04:50:00.000000000,REPLACE,🔄,BTCUSD,iafftx6ebNsc2f6,,SELL,0.00162,LIMIT,80585,,,
2026-08-05 04:55:00.000000000,NEW,✨,BTCUSD,VtMPnyBsRYPgkoe,,BUY,9.3E-4,LIMIT,79738,,,,Replace: jwrN9YqNSJSI2ZI
2026-08-05 04:55:00.000000000,REPLACE,🔄,BTCUSD,jwrN9YqNSJSI2ZI,,BUY,8.8E-4,LIMIT,79753,,,
2026-08-05 04:55:00.000000000,NEW,✨,BTCUSD,owLb2dPkIWa9LFr,,SELL,0.00152,LIMIT,80551,,,,Replace: Gl08TIFhxwjthxT
2026-08-05 04:55:00.000000000,REPLACE,🔄,BTCUSD,Gl08TIFhxwjthxT,,SELL,0.00158,LIMIT,80569,,,
2026-08-05 05:00:00.000000000,NEW,✨,BTCUSD,IqsSRPXNQoN4S30,,BUY,0.001,LIMIT,79715,,,,Replace: VtMPnyBsRYPgkoe
2026-08-05 05:00:00.000000000,REPLACE,🔄,BTCUSD,VtMPnyBsRYPgkoe,,BUY,9.3E-4,LIMIT,79738,,,
2026-08-05 05:00:00.000000000,NEW,✨,BTCUSD,M7h4byYne5QQ0YF,,SELL,0.00147,LIMIT,80534,,,,Replace: owLb2dPkIWa9LFr
2026-08-05 05:00:00.000000000,REPLACE,🔄,BTCUSD,owLb2dPkIWa9LFr,,SELL,0.00152,LIMIT,80551,,,
2026-08-05 05:05:00.000000000,NEW,✨,BTCUSD,4nNU6pssP3KSAHM,,BUY,0.0011,LIMIT,79682,,,,Replace: IqsSRPXNQoN4S30
2026-08-05 05:05:00.000000000,REPLACE,🔄,BTCUSD,IqsSRPXNQoN4S30,,BUY,0.001,LIMIT,79715,,,
2026-08-05 05:05:00.000000000,NEW,✨,BTCUSD,uH2XAKhqzfHhfqc,,SELL,0.00143,LIMIT,80519,,,,Replace: M7h4byYne5QQ0YF
2026-08-05 05:05:00.000000000,REPLACE,🔄,BTCUSD,M7h4byYne5QQ0YF,,SELL,0.00147,LIMIT,80534,,,
2026-08-05 05:10:00.000000000,NEW,✨,BTCUSD,qktWkGEMOIIqsWj,,BUY,0.00123,LIMIT,79639,,,,Replace: 4nNU6pssP3KSAHM
2026-08-05 05:10:00.000000000,REPLACE,🔄,BTCUSD,4nNU6pssP3KSAHM,,BUY,0.0011,LIMIT,79682,,,
2026-08-05 05:10:00.000000000,NEW,✨,BTCUSD,SSN0kfqtLE8xJ80,,SELL,0.00139,LIMIT,80508,,,,Replace: uH2XAKhqzfHhfqc
2026-08-05 05:10:00.000000000,REPLACE,🔄,BTCUSD,uH2XAKhqzfHhfqc,,SELL,0.00143,LIMIT,80519,,,
2026-08-05 05:15:00.000000000,NEW,✨,BTCUSD,chPYOgZrNYFEal5,,BUY,0.00135,LIMIT,79599,,,,Replace: qktWkGEMOIIqsWj
2026-08-05 05:15:00.000000000,REPLACE,🔄,BTCUSD,qktWkGEMOIIqsWj,,BUY,0.00123,LIMIT,79639,,,
2026-08-05 05:15:00.000000000,NEW,✨,BTCUSD,0djTJ00wgnzEyQO,,SELL,0.00135,LIMIT,80494,,,,Replace: SSN0kfqtLE8xJ80
2026-08-05 05:15:00.000000000,REPLACE,🔄,BTCUSD,SSN0kfqtLE8xJ80,,SELL,0.00139,LIMIT,80508,,,
2026-08-05 05:20:00.000000000,NEW,✨,BTCUSD,Pdua37vMMnCcI0R,,BUY,0.00143,LIMIT,79572,,,,Replace: chPYOgZrNYFEal5
2026-08-05 05:20:00.000000000,REPLACE,🔄,BTCUSD,chPYOgZrNYFEal5,,BUY,0.00135,LIMIT,79599,,,
2026-08-05 05:20:00.000000000,NEW,✨,BTCUSD,Yn4xsL902NpUdjl,,SELL,0.0013,LIMIT,80475,,,,Replace: 0djTJ00wgnzEyQO
2026-08-05 05:20:00.000000000,REPLACE,🔄,BTCUSD,0djTJ00wgnzEyQO,,SELL,0.00135,LIMIT,80494,,,
2026-08-05 05:25:00.000000000,NEW,✨,BTCUSD,BaQchXGrL3Az0Fn,,BUY,0.00144,LIMIT,79570,,,,Replace: Pdua37vMMnCcI0R
2026-08-05 05:25:00.000000000,REPLACE,🔄,BTCUSD,Pdua37vMMnCcI0R,,BUY,0.00143,LIMIT,79572,,,
2026-08-05 05:25:00.000000000,NEW,✨,BTCUSD,6yPQRgI3NwglH19,,SELL,0.00123,LIMIT,80454,,,,Replace: Yn4xsL902NpUdjl
2026-08-05 05:25:00.000000000,REPLACE,🔄,BTCUSD,Yn4xsL902NpUdjl,,SELL,0.0013,LIMIT,80475,,,
2026-08-05 05:30:00.000000000,NEW,✨,BTCUSD,xXwfLycLKI7NiT9,,BUY,0.00148,LIMIT,79557,,,,Replace: BaQchXGrL3Az0Fn
2026-08-05 05:30:00.000000000,REPLACE,🔄,BTCUSD,BaQchXGrL3Az0Fn,,BUY,0.00144,LIMIT,79570,,,
2026-08-05 05:30:00.000000000,NEW,✨,BTCUSD,e9lt12R6jWX2wJX,,SELL,0.00117,LIMIT,80433,,,,Replace: 6yPQRgI3NwglH19
2026-08-05 05:30:00.000000000,REPLACE,🔄,BTCUSD,6yPQRgI3NwglH19,,SELL,0.00123,LIMIT,80454,,,
2026-08-05 05:35:00.000000000,NEW,✨,BTCUSD,jURh0OxqJX5lQiV,,BUY,0.00151,LIMIT,79546,,,,Replace: xXwfLycLKI7NiT9
2026-08-05 05:35:00.000000000,REPLACE,🔄,BTCUSD,xXwfLycLKI7NiT9,,BUY,0.00148,LIMIT,79557,,,
2026-08-05 05:35:00.000000000,NEW,✨,BTCUSD,CK6MaNb945OIbbu,,SELL,0.00111,LIMIT,80413,,,,Replace: e9lt12R6jWX2wJX
2026-08-05 05:35:00.000000000,REPLACE,🔄,BTCUSD,e9lt12R6jWX2wJX,,SELL,0.00117,LIMIT,80433,,,
2026-08-05 05:40:00.000000000,NEW,✨,BTCUSD,VRxjeoILIn298xs,,BUY,0.00149,LIMIT,79554,,,,Replace: jURh0OxqJX5lQiV
2026-08-05 05:40:00.000000000,REPLACE,🔄,BTCUSD,jURh0OxqJX5lQiV,,BUY,0.00151,LIMIT,79546,,,
2026-08-05 05:40:00.000000000,NEW,✨,BTCUSD,kURp9ikCQfEZGuI,,SELL,0.00106,LIMIT,80394,,,,Replace: CK6MaNb945OIbbu
2026-08-05 05:40:00.000000000,REPLACE,🔄,BTCUSD,CK6MaNb945OIbbu,,SELL,0.00111,LIMIT,80413,,,
2026-08-05 05:45:00.000000000,NEW,✨,BTCUSD,IOSlIFepH2zXqCE,,BUY,0.00146,LIMIT,79564,,,,Replace: VRxjeoILIn298xs
2026-08-05 05:45:00.000000000,REPLACE,🔄,BTCUSD,VRxjeoILIn298xs,,BUY,0.00149,LIMIT,79554,,,
2026-08-05 05:45:00.000000000,NEW,✨,BTCUSD,IfnIi3tFlE5puCg,,SELL,0.00101,LIMIT,80378,,,,Replace: kURp9ikCQfEZGuI
2026-08-05 05:45:00.000000000,REPLACE,🔄,BTCUSD,kURp9ikCQfEZGuI,,SELL,0.00106,LIMIT,80394,,,
2026-08-05 05:50:00.000000000,NEW,✨,BTCUSD,4LynxfzKGIxvYQa,,BUY,0.00151,LIMIT,79545,,,,Replace: IOSlIFepH2zXqCE
2026-08-05 05:50:00.000000000,REPLACE,🔄,BTCUSD,IOSlIFepH2zXqCE,,BUY,0.00146,LIMIT,79564,,,
2026-08-05 05:50:00.000000000,NEW,✨,BTCUSD,qq8lHO2I7ow6ZU3,,SELL,9.5E-4,LIMIT,80360,,,,Replace: IfnIi3tFlE5puCg
2026-08-05 05:50:00.000000000,REPLACE,🔄,BTCUSD,IfnIi3tFlE5puCg,,SELL,0.00101,LIMIT,80378,,,
2026-08-05 05:55:00.000000000,NEW,✨,BTCUSD,qIUpb6LpFXuJGfw,,BUY,0.00159,LIMIT,79519,,,,Replace: 4LynxfzKGIxvYQa
2026-08-05 05:55:00.000000000,REPLACE,🔄,BTCUSD,4LynxfzKGIxvYQa,,BUY,0.00151,LIMIT,79545,,,
2026-08-05 05:55:00.000000000,NEW,✨,BTCUSD,O0TErkBLSNnNEmR,,SELL,9E-4,LIMIT,80343,,,,Replace: qq8lHO2I7ow6ZU3
2026-08-05 05:55:00.000000000,REPLACE,🔄,BTCUSD,qq8lHO2I7ow6ZU3,,SELL,9.5E-4,LIMIT,80360,,,
2026-08-05 06:00:00.000000000,NEW,✨,BTCUSD,cFzsFWgKEmshyuI,,BUY,0.0017,LIMIT,79484,,,,Replace: qIUpb6LpFXuJGfw
2026-08-05 06:00:00.000000000,REPLACE,🔄,BTCUSD,qIUpb6LpFXuJGfw,,BUY,0.00159,LIMIT,79519,,,
2026-08-05 06:00:00.000000000,NEW,✨,BTCUSD,wBphQ5LOoxdds5p,,SELL,8.6E-4,LIMIT,80329,,,,Replace: O0TErkBLSNnNEmR
2026-08-05 06:00:00.000000000,REPLACE,🔄,BTCUSD,O0TErkBLSNnNEmR,,SELL,9E-4,LIMIT,80343,,,
2026-08-05 06:05:00.000000000,NEW,✨,BTCUSD,PBVuux2oD2p5g9e,,BUY,0.0018,LIMIT,79452,,,,Replace: cFzsFWgKEmshyuI
2026-08-05 06:05:00.000000000,REPLACE,🔄,BTCUSD,cFzsFWgKEmshyuI,,BUY,0.0017,LIMIT,79484,,,
2026-08-05 06:05:00.000000000,NEW,✨,BTCUSD,UMAAzQUR9WUuXNC,,SELL,8.2E-4,LIMIT,80314,,,,Replace: wBphQ5LOoxdds5p
2026-08-05 06:05:00.000000000,REPLACE,🔄,BTCUSD,wBphQ5LOoxdds5p,,SELL,8.6E-4,LIMIT,80329,,,
2026-08-05 06:10:00.000000000,NEW,✨,BTCUSD,B80wYNNJCHmTOO1,,BUY,0.00191,LIMIT,79415,,,,Replace: PBVuux2oD2p5g9e
2026-08-05 06:10:00.000000000,REPLACE,🔄,BTCUSD,PBVuux2oD2p5g9e,,BUY,0.0018,LIMIT,79452,,,
2026-08-05 06:10:00.000000000,NEW,✨,BTCUSD,2WVdYldUV6LACfa,,SELL,7.7E-4,LIMIT,80299,,,,Replace: UMAAzQUR9WUuXNC
2026-08-05 06:10:00.000000000,REPLACE,🔄,BTCUSD,UMAAzQUR9WUuXNC,,SELL,8.2E-4,LIMIT,80314,,,
2026-08-05 06:15:00.000000000,NEW,✨,BTCUSD,x5WyCoioBXkr6cN,,BUY,0.002,LIMIT,79385,,,,Replace: B80wYNNJCHmTOO1
2026-08-05 06:15:00.000000000,REPLACE,🔄,BTCUSD,B80wYNNJCHmTOO1,,BUY,0.00191,LIMIT,79415,,,
2026-08-05 06:15:00.000000000,NEW,✨,BTCUSD,ahr687mXqfCRqxy,,SELL,7.2E-4,LIMIT,80282,,,,Replace: 2WVdYldUV6LACfa
2026-08-05 06:15:00.000000000,REPLACE,🔄,BTCUSD,2WVdYldUV6LACfa,,SELL,7.7E-4,LIMIT,80299,,,
2026-08-05 06:20:00.000000000,NEW,✨,BTCUSD,j220rE4JAmhForj,,BUY,0.0021,LIMIT,79353,,,,Replace: x5WyCoioBXkr6cN
2026-08-05 06:20:00.000000000,REPLACE,🔄,BTCUSD,x5WyCoioBXkr6cN,,BUY,0.002,LIMIT,79385,,,
2026-08-05 06:20:00.000000000,NEW,✨,BTCUSD,8sCZhSwaCE2iVGL,,SELL,6.7E-4,LIMIT,80265,,,,Replace: ahr687mXqfCRqxy
2026-08-05 06:20:00.000000000,REPLACE,🔄,BTCUSD,ahr687mXqfCRqxy,,SELL,7.2E-4,LIMIT,80282,,,
2026-08-05 06:25:00.000000000,NEW,✨,BTCUSD,VzX2VfPn91edW65,,BUY,0.00218,LIMIT,79328,,,,Replace: j220rE4JAmhForj
2026-08-05 06:25:00.000000000,REPLACE,🔄,BTCUSD,j220rE4JAmhForj,,BUY,0.0021,LIMIT,79353,,,
2026-08-05 06:25:00.000000000,NEW,✨,BTCUSD,g3Y2Gn5dXotyAYj,,SELL,6.1E-4,LIMIT,80245,,,,Replace: 8sCZhSwaCE2iVGL
2026-08-05 06:25:00.000000000,REPLACE,🔄,BTCUSD,8sCZhSwaCE2iVGL,,SELL,6.7E-4,LIMIT,80265,,,
2026-08-05 06:30:00.000000000,NEW,✨,BTCUSD,Iw3495lI8Hc1ELR,,BUY,0.00218,LIMIT,79326,,,,Replace: VzX2VfPn91edW65
2026-08-05 06:30:00.000000000,REPLACE,🔄,BTCUSD,VzX2VfPn91edW65,,BUY,0.00218,LIMIT,79328,,,
2026-08-05 06:30:00.000000000,NEW,✨,BTCUSD,EDtVp8EgtNkFpq7,,SELL,5.5E-4,LIMIT,80224,,,,Replace: g3Y2Gn5dXotyAYj
2026-08-05 06:30:00.000000000,REPLACE,🔄,BTCUSD,g3Y2Gn5dXotyAYj,,SELL,6.1E-4,LIMIT,80245,,,
2026-08-05 06:35:00.000000000,NEW,✨,BTCUSD,4tZ7oW6n7WZPwZn,,BUY,0.00222,LIMIT,79315,,,,Replace: Iw3495lI8Hc1ELR
2026-08-05 06:35:00.000000000,REPLACE,🔄,BTCUSD,Iw3495lI8Hc1ELR,,BUY,0.00218,LIMIT,79326,,,
2026-08-05 06:35:00.000000000,NEW,✨,BTCUSD,mOEyPTNjExbVT9U,,SELL,4.8E-4,LIMIT,80203,,,,Replace: EDtVp8EgtNkFpq7
2026-08-05 06:35:00.000000000,REPLACE,🔄,BTCUSD,EDtVp8EgtNkFpq7,,SELL,5.5E-4,LIMIT,80224,,,
2026-08-05 06:40:00.000000000,NEW,✨,BTCUSD,qq49SwSI6lXneoA,,BUY,0.00224,LIMIT,79308,,,,Replace: 4tZ7oW6n7WZPwZn
2026-08-05 06:40:00.000000000,REPLACE,🔄,BTCUSD,4tZ7oW6n7WZPwZn,,BUY,0.00222,LIMIT,79315,,,
2026-08-05 06:40:00.000000000,NEW,✨,BTCUSD,KZaRypWmaWRm8Rs,,SELL,4.2E-4,LIMIT,80181,,,,Replace: mOEyPTNjExbVT9U
2026-08-05 06:40:00.000000000,REPLACE,🔄,BTCUSD,mOEyPTNjExbVT9U,,SELL,4.8E-4,LIMIT,80203,,,
2026-08-05 06:45:00.000000000,NEW,✨,BTCUSD,cnaB7Nnm51UBM3W,,BUY,0.00226,LIMIT,79301,,,,Replace: qq49SwSI6lXneoA
2026-08-05 06:45:00.000000000,REPLACE,🔄,BTCUSD,qq49SwSI6lXneoA,,BUY,0.00224,LIMIT,79308,,,
2026-08-05 06:45:00.000000000,NEW,✨,BTCUSD,sjvuXAgpv6I3njG,,SELL,3.6E-4,LIMIT,80161,,,,Replace: KZaRypWmaWRm8Rs
2026-08-05 06:45:00.000000000,REPLACE,🔄,BTCUSD,KZaRypWmaWRm8Rs,,SELL,4.2E-4,LIMIT,80181,,,
2026-08-05 06:50:00.000000000,NEW,✨,BTCUSD,Pk5Dln9H4GRZ4Is,,BUY,0.00227,LIMIT,79297,,,,Replace: cnaB7Nnm51UBM3W
2026-08-05 06:50:00.000000000,REPLACE,🔄,BTCUSD,cnaB7Nnm51UBM3W,,BUY,0.00226,LIMIT,79301,,,
2026-08-05 06:50:00.000000000,NEW,✨,BTCUSD,QuGN6VpsHf9JR1d,,SELL,2.9E-4,LIMIT,80140,,,,Replace: sjvuXAgpv6I3njG
2026-08-05 06:50:00.000000000,REPLACE,🔄,BTCUSD,sjvuXAgpv6I3njG,,SELL,3.6E-4,LIMIT,80161,,,
2026-08-05 06:55:00.000000000,NEW,✨,BTCUSD,BgbFPEUm3WPxmXE,,BUY,0.00234,LIMIT,79275,,,,Replace: Pk5Dln9H4GRZ4Is
2026-08-05 06:55:00.000000000,REPLACE,🔄,BTCUSD,Pk5Dln9H4GRZ4Is,,BUY,0.00227,LIMIT,79297,,,
2026-08-05 06:55:00.000000000,NEW,✨,BTCUSD,y5cqgqyvcF0a6K1,,SELL,2.4E-4,LIMIT,80122,,,,Replace: QuGN6VpsHf9JR1d
2026-08-05 06:55:00.000000000,REPLACE,🔄,BTCUSD,QuGN6VpsHf9JR1d,,SELL,2.9E-4,LIMIT,80140,,,
2026-08-05 07:00:00.000000000,NEW,✨,BTCUSD,xd7H4epG2lMLUla,,BUY,0.00234,LIMIT,79276,,,,Replace: BgbFPEUm3WPxmXE
2026-08-05 07:00:00.000000000,REPLACE,🔄,BTCUSD,BgbFPEUm3WPxmXE,,BUY,0.00234,LIMIT,79275,,,
2026-08-05 07:00:00.000000000,NEW,✨,BTCUSD,WGxJFB7yyorqlcP,,SELL,1.8E-4,LIMIT,80102,,,,Replace: y5cqgqyvcF0a6K1
2026-08-05 07:00:00.000000000,REPLACE,🔄,BTCUSD,y5cqgqyvcF0a6K1,,SELL,2.4E-4,LIMIT,80122,,,
2026-08-05 07:05:00.000000000,NEW,✨,BTCUSD,jacKi5Bl10KjC0w,,BUY,0.00235,LIMIT,79272,,,,Replace: xd7H4epG2lMLUla
2026-08-05 07:05:00.000000000,REPLACE,🔄,BTCUSD,xd7H4epG2lMLUla,,BUY,0.00234,LIMIT,79276,,,
2026-08-05 07:05:00.000000000,NEW,✨,BTCUSD,4QImoXH1JOh7Pum,,SELL,1.2E-4,LIMIT,80083,,,,Replace: WGxJFB7yyorqlcP
2026-08-05 07:05:00.000000000,REPLACE,🔄,BTCUSD,WGxJFB7yyorqlcP,,SELL,1.8E-4,LIMIT,80102,,,
2026-08-05 07:10:00.000000000,NEW,✨,BTCUSD,VX8MMVWG0GH7uFJ,,BUY,0.00231,LIMIT,79286,,,,Replace: jacKi5Bl10KjC0w
2026-08-05 07:10:00.000000000,REPLACE,🔄,BTCUSD,jacKi5Bl10KjC0w,,BUY,0.00235,LIMIT,79272,,,
2026-08-05 07:10:00.000000000,NEW,✨,BTCUSD,dbeGNsQ4fxYO4CA,,SELL,8E-5,LIMIT,80070,,,,Replace: 4QImoXH1JOh7Pum
2026-08-05 07:10:00.000000000,REPLACE,🔄,BTCUSD,4QImoXH1JOh7Pum,,SELL,1.2E-4,LIMIT,80083,,,
2026-08-05 07:15:00.000000000,NEW,✨,BTCUSD,IUeO1wslzVEUcUf,,BUY,0.00227,LIMIT,79297,,,,Replace: VX8MMVWG0GH7uFJ
2026-08-05 07:15:00.000000000,REPLACE,🔄,BTCUSD,VX8MMVWG0GH7uFJ,,BUY,0.00231,LIMIT,79286,,,
2026-08-05 07:15:00.000000000,NEW,✨,BTCUSD,BmzjxDZ70WPejVY,,SELL,4E-5,LIMIT,80055,,,,Replace: dbeGNsQ4fxYO4CA
2026-08-05 07:15:00.000000000,REPLACE,🔄,BTCUSD,dbeGNsQ4fxYO4CA,,SELL,8E-5,LIMIT,80070,,,
2026-08-05 07:20:00.000000000,NEW,✨,BTCUSD,4R9QfMDFylCsKj1,,BUY,0.00228,LIMIT,79295,,,,Replace: IUeO1wslzVEUcUf
2026-08-05 07:20:00.000000000,REPLACE,🔄,BTCUSD,IUeO1wslzVEUcUf,,BUY,0.00227,LIMIT,79297,,,
2026-08-05 07:20:00.000000000,NEW,✨,BTCUSD,jwKCWYiAM6GvOnv,,SELL,3E-5,LIMIT,80037,,,,Replace: BmzjxDZ70WPejVY
2026-08-05 07:20:00.000000000,REPLACE,🔄,BTCUSD,BmzjxDZ70WPejVY,,SELL,4E-5,LIMIT,80055,,,
2026-08-05 07:25:00.000000000,NEW,✨,BTCUSD,qOfSJnZkx09G2xN,,BUY,0.00228,LIMIT,79294,,,,Replace: 4R9QfMDFylCsKj1
2026-08-05 07:25:00.000000000,REPLACE,🔄,BTCUSD,4R9QfMDFylCsKj1,,BUY,0.00228,LIMIT,79295,,,
2026-08-05 07:25:00.000000000,NEW,✨,BTCUSD,H7gf5tsDhf6B25J,,SELL,8E-5,LIMIT,80020,,,,Replace: jwKCWYiAM6GvOnv
2026-08-05 07:25:00.000000000,REPLACE,🔄,BTCUSD,jwKCWYiAM6GvOnv,,SELL,3E-5,LIMIT,80037,,,
2026-08-05 07:30:00.000000000,NEW,✨,BTCUSD,cLAUyDuFwF6ekCj,,BUY,0.00228,LIMIT,79294,,,,Replace: qOfSJnZkx09G2xN
2026-08-05 07:30:00.000000000,REPLACE,🔄,BTCUSD,qOfSJnZkx09G2xN,,BUY,0.00228,LIMIT,79294,,,
2026-08-05 07:30:00.000000000,NEW,✨,BTCUSD,pI18eF1G3FxShNh,,SELL,1.3E-4,LIMIT,80003,,,,Replace: H7gf5tsDhf6B25J
2026-08-05 07:30:00.000000000,REPLACE,🔄,BTCUSD,H7gf5tsDhf6B25J,,SELL,8E-5,LIMIT,80020,,,
2026-08-05 07:35:00.000000000,NEW,✨,BTCUSD,PIgXceGkvV42SR5,,BUY,0.00231,LIMIT,79284,,,,Replace: cLAUyDuFwF6ekCj
2026-08-05 07:35:00.000000000,REPLACE,🔄,BTCUSD,cLAUyDuFwF6ekCj,,BUY,0.00228,LIMIT,79294,,,
2026-08-05 07:35:00.000000000,NEW,✨,BTCUSD,NSMbDaAJOoojMg4,,SELL,1.8E-4,LIMIT,79986,,,,Replace: pI18eF1G3FxShNh
2026-08-05 07:35:00.000000000,REPLACE,🔄,BTCUSD,pI18eF1G3FxShNh,,SELL,1.3E-4,LIMIT,80003,,,
2026-08-05 07:40:00.000000000,NEW,✨,BTCUSD,BECZG4bEuk1QAgS,,BUY,0.00233,LIMIT,79277,,,,Replace: PIgXceGkvV42SR5
2026-08-05 07:40:00.000000000,REPLACE,🔄,BTCUSD,PIgXceGkvV42SR5,,BUY,0.00231,LIMIT,79284,,,
2026-08-05 07:40:00.000000000,NEW,✨,BTCUSD,vdi4nvJMkOfz0yS,,SELL,2.3E-4,LIMIT,79970,,,,Replace: NSMbDaAJOoojMg4
2026-08-05 07:40:00.000000000,REPLACE,🔄,BTCUSD,NSMbDaAJOoojMg4,,SELL,1.8E-4,LIMIT,79986,,,
2026-08-05 07:45:00.000000000,NEW,✨,BTCUSD,xBhbvUwjt0zosuo,,BUY,0.00231,LIMIT,79286,,,,Replace: BECZG4bEuk1QAgS
2026-08-05 07:45:00.000000000,REPLACE,🔄,BTCUSD,BECZG4bEuk1QAgS,,BUY,0.00233,LIMIT,79277,,,
2026-08-05 07:45:00.000000000,NEW,✨,BTCUSD,To3XMGSP5xVGfGq,,SELL,2.7E-4,LIMIT,79956,,,,Replace: vdi4nvJMkOfz0yS
2026-08-05 07:45:00.000000000,REPLACE,🔄,BTCUSD,vdi4nvJMkOfz0yS,,SELL,2.3E-4,LIMIT,79970,,,
2026-08-05 07:50:00.000000000,NEW,✨,BTCUSD,j8DdZvIEsFwCa9A,,BUY,0.00229,LIMIT,79293,,,,Replace: xBhbvUwjt0zosuo
2026-08-05 07:50:00.000000000,REPLACE,🔄,BTCUSD,xBhbvUwjt0zosuo,,BUY,0.00231,LIMIT,79286,,,
2026-08-05 07:50:00.000000000,NEW,✨,BTCUSD,1zO0vbcSRXMXKYD,,SELL,3.1E-4,LIMIT,79942,,,,Replace: To3XMGSP5xVGfGq
2026-08-05 07:50:00.000000000,REPLACE,🔄,BTCUSD,To3XMGSP5xVGfGq,,SELL,2.7E-4,LIMIT,79956,,,
2026-08-05 07:55:00.000000000,NEW,✨,BTCUSD,V5ifDLdjrUtaIOW,,BUY,0.00237,LIMIT,79267,,,,Replace: j8DdZvIEsFwCa9A
2026-08-05 07:55:00.000000000,REPLACE,🔄,BTCUSD,j8DdZvIEsFwCa9A,,BUY,0.00229,LIMIT,79293,,,
2026-08-05 07:55:00.000000000,NEW,✨,BTCUSD,Z9kTUxlVm6Dnyrb,,SELL,3.5E-4,LIMIT,79931,,,,Replace: 1zO0vbcSRXMXKYD
2026-08-05 07:55:00.000000000,REPLACE,🔄,BTCUSD,1zO0vbcSRXMXKYD,,SELL,3.1E-4,LIMIT,79942,,,
2026-08-05 08:00:00.000000000,NEW,✨,BTCUSD,I2EhsmzDqkry0ds,,BUY,0.00255,LIMIT,79207,,,,Replace: V5ifDLdjrUtaIOW
2026-08-05 08:00:00.000000000,REPLACE,🔄,BTCUSD,V5ifDLdjrUtaIOW,,BUY,0.00237,LIMIT,79267,,,
2026-08-05 08:00:00.000000000,FILL,,BTCUSD,I2EhsmzDqkry0ds,,BUY,0.00255,LIMIT,79207,,79207,0.00255
2026-08-05 08:00:00.000000000,FILLED,✅,BTCUSD,I2EhsmzDqkry0ds,,BUY,0,LIMIT,79207,,,
2026-08-05 08:00:00.000000000,NEW,✨,BTCUSD,r4x0nbaKtgpYxAR,,SELL,3.4E-4,LIMIT,79932,,,,Replace: Z9kTUxlVm6Dnyrb
2026-08-05 08:00:00.000000000,REPLACE,🔄,BTCUSD,Z9kTUxlVm6Dnyrb,,SELL,3.5E-4,LIMIT,79931,,,
2026-08-05 08:00:00.000000000,NEW,✨,BTCUSD,BWzI31rNc3u2Kqg,,BUY,0.00135,LIMIT,78844,,,
2026-08-05 08:05:00.000000000,NEW,✨,BTCUSD,4zkjWCKipzoMisE,,BUY,0.00156,LIMIT,78790,,,,Replace: BWzI31rNc3u2Kqg
2026-08-05 08:05:00.000000000,REPLACE,🔄,BTCUSD,BWzI31rNc3u2Kqg,,BUY,0.00135,LIMIT,78844,,,
2026-08-05 08:05:00.000000000,NEW,✨,BTCUSD,fVQPdd3bTFuKIRM,,SELL,0.00126,LIMIT,79545,,,,Replace: r4x0nbaKtgpYxAR
2026-08-05 08:05:00.000000000,REPLACE,🔄,BTCUSD,r4x0nbaKtgpYxAR,,SELL,3.4E-4,LIMIT,79932,,,
2026-08-05 08:10:00.000000000,NEW,✨,BTCUSD,qwFmAdgDoFmkQ6b,,BUY,0.00186,LIMIT,78709,,,,Replace: 4zkjWCKipzoMisE
2026-08-05 08:10:00.000000000,REPLACE,🔄,BTCUSD,4zkjWCKipzoMisE,,BUY,0.00156,LIMIT,78790,,,
2026-08-05 08:10:00.000000000,NEW,✨,BTCUSD,DfmsCyDeoolbwjk,,SELL,0.00115,LIMIT,79515,,,,Replace: fVQPdd3bTFuKIRM
2026-08-05 08:10:00.000000000,REPLACE,🔄,BTCUSD,fVQPdd3bTFuKIRM,,SELL,0.00126,LIMIT,79545,,,
2026-08-05 08:15:00.000000000,NEW,✨,BTCUSD,ctlop31hnUj88Lx,,BUY,0.00219,LIMIT,78622,,,,Replace: qwFmAdgDoFmkQ6b
2026-08-05 08:15:00.000000000,REPLACE,🔄,BTCUSD,qwFmAdgDoFmkQ6b,,BUY,0.00186,LIMIT,78709,,,
2026-08-05 08:15:00.000000000,NEW,✨,BTCUSD,lq7LlKMhAOcsb28,,SELL,0.00103,LIMIT,79483,,,,Replace: DfmsCyDeoolbwjk
2026-08-05 08:15:00.000000000,REPLACE,🔄,BTCUSD,DfmsCyDeoolbwjk,,SELL,0.00115,LIMIT,79515,,,
2026-08-05 08:20:00.000000000,NEW,✨,BTCUSD,PqHqTUNCmjgWqaJ,,BUY,0.0023,LIMIT,78594,,,,Replace: ctlop31hnUj88Lx
2026-08-05 08:20:00.000000000,REPLACE,🔄,BTCUSD,ctlop31hnUj88Lx,,BUY,0.00219,LIMIT,78622,,,
2026-08-05 08:20:00.000000000,NEW,✨,BTCUSD,J1SoLfVkVxT8GKV,,SELL,9.5E-4,LIMIT,79462,,,,Replace: lq7LlKMhAOcsb28
2026-08-05 08:20:00.000000000,REPLACE,🔄,BTCUSD,lq7LlKMhAOcsb28,,SELL,0.00103,LIMIT,79483,,,
2026-08-05 08:25:00.000000000,NEW,✨,BTCUSD,Bmms7uihlzeuYpf,,BUY,0.00233,LIMIT,78585,,,,Replace: PqHqTUNCmjgWqaJ
2026-08-05 08:25:00.000000000,REPLACE,🔄,BTCUSD,PqHqTUNCmjgWqaJ,,BUY,0.0023,LIMIT,78594,,,
2026-08-05 08:25:00.000000000,NEW,✨,BTCUSD,rCoHu0enrXJPvct,,SELL,8.9E-4,LIMIT,79446,,,,Replace: J1SoLfVkVxT8GKV
2026-08-05 08:25:00.000000000,REPLACE,🔄,BTCUSD,J1SoLfVkVxT8GKV,,SELL,9.5E-4,LIMIT,79462,,,
2026-08-05 08:30:00.000000000,NEW,✨,BTCUSD,xjIumL3CkEbIG31,,BUY,0.00231,LIMIT,78590,,,,Replace: Bmms7uihlzeuYpf
2026-08-05 08:30:00.000000000,REPLACE,🔄,BTCUSD,Bmms7uihlzeuYpf,,BUY,0.00233,LIMIT,78585,,,
2026-08-05 08:30:00.000000000,NEW,✨,BTCUSD,PM9kTLnqC6AfZuH,,SELL,8.5E-4,LIMIT,79434,,,,Replace: rCoHu0enrXJPvct
2026-08-05 08:30:00.000000000,REPLACE,🔄,BTCUSD,rCoHu0enrXJPvct,,SELL,8.9E-4,LIMIT,79446,,,
2026-08-05 08:35:00.000000000,NEW,✨,BTCUSD,jgnwQlPgjUYgyIN,,BUY,0.00233,LIMIT,78585,,,,Replace: xjIumL3CkEbIG31
2026-08-05 08:35:00.000000000,REPLACE,🔄,BTCUSD,xjIumL3CkEbIG31,,BUY,0.00231,LIMIT,78590,,,
2026-08-05 08:35:00.000000000,NEW,✨,BTCUSD,xXUD2gxtYg1wEDe,,SELL,7.9E-4,LIMIT,79419,,,,Replace: PM9kTLnqC6AfZuH
2026-08-05 08:35:00.000000000,REPLACE,🔄,BTCUSD,PM9kTLnqC6AfZuH,,SELL,8.5E-4,LIMIT,79434,,,
2026-08-05 08:40:00.000000000,NEW,✨,BTCUSD,WdJz5CkBijW4gXk,,BUY,0.00234,LIMIT,78582,,,,Replace: jgnwQlPgjUYgyIN
2026-08-05 08:40:00.000000000,REPLACE,🔄,BTCUSD,jgnwQlPgjUYgyIN,,BUY,0.00233,LIMIT,78585,,,
2026-08-05 08:40:00.000000000,NEW,✨,BTCUSD,Viqgc26wtFsDtV2,,SELL,7.4E-4,LIMIT,79404,,,,Replace: xXUD2gxtYg1wEDe
2026-08-05 08:40:00.000000000,REPLACE,🔄,BTCUSD,xXUD2gxtYg1wEDe,,SELL,7.9E-4,LIMIT,79419,,,
2026-08-05 08:45:00.000000000,NEW,✨,BTCUSD,Iap1jc6ghyTSOm6,,BUY,0.00232,LIMIT,78588,,,,Replace: WdJz5CkBijW4gXk
2026-08-05 08:45:00.000000000,REPLACE,🔄,BTCUSD,WdJz5CkBijW4gXk,,BUY,0.00234,LIMIT,78582,,,
2026-08-05 08:45:00.000000000,NEW,✨,BTCUSD,3sB9BNFzFpiTXnQ,,SELL,7E-4,LIMIT,79393,,,,Replace: Viqgc26wtFsDtV2
2026-08-05 08:45:00.000000000,REPLACE,🔄,BTCUSD,Viqgc26wtFsDtV2,,SELL,7.4E-4,LIMIT,79404,,,
2026-08-05 08:50:00.000000000,NEW,✨,BTCUSD,4XK3N3RBgERq61S,,BUY,0.00233,LIMIT,78585,,,,Replace: Iap1jc6ghyTSOm6
2026-08-05 08:50:00.000000000,REPLACE,🔄,BTCUSD,Iap1jc6ghyTSOm6,,BUY,0.00232,LIMIT,78588,,,
2026-08-05 08:50:00.000000000,NEW,✨,BTCUSD,b3WckiO2aOZkC5n,,SELL,6.5E-4,LIMIT,79380,,,,Replace: 3sB9BNFzFpiTXnQ
2026-08-05 08:50:00.000000000,REPLACE,🔄,BTCUSD,3sB9BNFzFpiTXnQ,,SELL,7E-4,LIMIT,79393,,,
2026-08-05 08:55:00.000000000,NEW,✨,BTCUSD,qUq52TnffTOEoFo,,BUY,0.00231,LIMIT,78590,,,,Replace: 4XK3N3RBgERq61S
2026-08-05 08:55:00.000000000,REPLACE,🔄,BTCUSD,4XK3N3RBgERq61S,,BUY,0.00233,LIMIT,78585,,,
2026-08-05 08:55:00.000000000,NEW,✨,BTCUSD,9Es5J3Y5wyQ0rOB,,SELL,6.1E-4,LIMIT,79369,,,,Replace: b3WckiO2aOZkC5n
2026-08-05 08:55:00.000000000,REPLACE,🔄,BTCUSD,b3WckiO2aOZkC5n,,SELL,6.5E-4,LIMIT,79380,,,
2026-08-05 09:00:00.000000000,NEW,✨,BTCUSD,cRL7gu8AdjLcWUA,,BUY,0.00232,LIMIT,78589,,,,Replace: qUq52TnffTOEoFo
2026-08-05 09:00:00.000000000,REPLACE,🔄,BTCUSD,qUq52TnffTOEoFo,,BUY,0.00231,LIMIT,78590,,,
2026-08-05 09:00:00.000000000,NEW,✨,BTCUSD,hODZtOh9HXHHVgZ,,SELL,5.6E-4,LIMIT,79356,,,,Replace: 9Es5J3Y5wyQ0rOB
2026-08-05 09:00:00.000000000,REPLACE,🔄,BTCUSD,9Es5J3Y5wyQ0rOB,,SELL,6.1E-4,LIMIT,79369,,,
2026-08-05 09:05:00.000000000,NEW,✨,BTCUSD,POr9KKUfcyJ0EjW,,BUY,0.00239,LIMIT,78568,,,,Replace: cRL7gu8AdjLcWUA
2026-08-05 09:05:00.000000000,REPLACE,🔄,BTCUSD,cRL7gu8AdjLcWUA,,BUY,0.00232,LIMIT,78589,,,
2026-08-05 09:05:00.000000000,NEW,✨,BTCUSD,FZY2SkqCd78YAyw,,SELL,4.9E-4,LIMIT,79338,,,,Replace: hODZtOh9HXHHVgZ
2026-08-05 09:05:00.000000000,REPLACE,🔄,BTCUSD,hODZtOh9HXHHVgZ,,SELL,5.6E-4,LIMIT,79356,,,
2026-08-05 09:10:00.000000000,NEW,✨,BTCUSD,BKNBzlpAbDGNwyt,,BUY,0.00242,LIMIT,78562,,,,Replace: POr9KKUfcyJ0EjW
2026-08-05 09:10:00.000000000,REPLACE,🔄,BTCUSD,POr9KKUfcyJ0EjW,,BUY,0.00239,LIMIT,78568,,,
2026-08-05 09:10:00.000000000,NEW,✨,BTCUSD,nkuV15zFygyopGK,,SELL,4.4E-4,LIMIT,79324,,,,Replace: FZY2SkqCd78YAyw
2026-08-05 09:10:00.000000000,REPLACE,🔄,BTCUSD,FZY2SkqCd78YAyw,,SELL,4.9E-4,LIMIT,79338,,,
2026-08-05 09:15:00.000000000,NEW,✨,BTCUSD,xHsEdBAeaTEleDF,,BUY,0.00261,LIMIT,78512,,,,Replace: BKNBzlpAbDGNwyt
2026-08-05 09:15:00.000000000,REPLACE,🔄,BTCUSD,BKNBzlpAbDGNwyt,,BUY,0.00242,LIMIT,78562,,,
2026-08-05 09:15:00.000000000,NEW,✨,BTCUSD,LvFyaQ8IKFp5UZi,,SELL,3.5E-4,LIMIT,79300,,,,Replace: nkuV15zFygyopGK
2026-08-05 09:15:00.000000000,REPLACE,🔄,BTCUSD,nkuV15zFygyopGK,,SELL,4.4E-4,LIMIT,79324,,,
2026-08-05 09:20:00.000000000,NEW,✨,BTCUSD,jEOGHcW9ZiB9MRb,,BUY,0.00278,LIMIT,78467,,,,Replace: xHsEdBAeaTEleDF
2026-08-05 09:20:00.000000000,REPLACE,🔄,BTCUSD,xHsEdBAeaTEleDF,,BUY,0.00261,LIMIT,78512,,,
2026-08-05 09:20:00.000000000,NEW,✨,BTCUSD,t5aR9lILfpgL8r5,,SELL,2.6E-4,LIMIT,79276,,,,Replace: LvFyaQ8IKFp5UZi
2026-08-05 09:20:00.000000000,REPLACE,🔄,BTCUSD,LvFyaQ8IKFp5UZi,,SELL,3.5E-4,LIMIT,79300,,,
2026-08-05 09:25:00.000000000,NEW,✨,BTCUSD,WBuIw2reYx8X4gx,,BUY,0.00276,LIMIT,78471,,,,Replace: jEOGHcW9ZiB9MRb
2026-08-05 09:25:00.000000000,REPLACE,🔄,BTCUSD,jEOGHcW9ZiB9MRb,,BUY,0.00278,LIMIT,78467,,,
2026-08-05 09:25:00.000000000,NEW,✨,BTCUSD,RGwuj6RO1OXcn9T,,SELL,2.2E-4,LIMIT,79264,,,,Replace: t5aR9lILfpgL8r5
2026-08-05 09:25:00.000000000,REPLACE,🔄,BTCUSD,t5aR9lILfpgL8r5,,SELL,2.6E-4,LIMIT,79276,,,
2026-08-05 09:30:00.000000000,NEW,✨,BTCUSD,I8PKaTD8XD6vmvJ,,BUY,0.0027,LIMIT,78489,,,,Replace: WBuIw2reYx8X4gx
2026-08-05 09:30:00.000000000,REPLACE,🔄,BTCUSD,WBuIw2reYx8X4gx,,BUY,0.00276,LIMIT,78471,,,
2026-08-05 09:30:00.000000000,NEW,✨,BTCUSD,zRHNISaRMyNtSRr,,SELL,2E-4,LIMIT,79259,,,,Replace: RGwuj6RO1OXcn9T
2026-08-05 09:30:00.000000000,REPLACE,🔄,BTCUSD,RGwuj6RO1OXcn9T,,SELL,2.2E-4,LIMIT,79264,,,
2026-08-05 09:35:00.000000000,NEW,✨,BTCUSD,45vMEtYdWS3JUAf,,BUY,0.00263,LIMIT,78506,,,,Replace: I8PKaTD8XD6vmvJ
2026-08-05 09:35:00.000000000,REPLACE,🔄,BTCUSD,I8PKaTD8XD6vmvJ,,BUY,0.0027,LIMIT,78489,,,
2026-08-05 09:35:00.000000000,NEW,✨,BTCUSD,XbdqrnjUiXE96kE,,SELL,1.8E-4,LIMIT,79253,,,,Replace: zRHNISaRMyNtSRr
2026-08-05 09:35:00.000000000,REPLACE,🔄,BTCUSD,zRHNISaRMyNtSRr,,SELL,2E-4,LIMIT,79259,,,
2026-08-05 09:40:00.000000000,NEW,✨,BTCUSD,q2QOtKu8Vi0hCO2,,BUY,0.00263,LIMIT,78506,,,,Replace: 45vMEtYdWS3JUAf
2026-08-05 09:40:00.000000000,REPLACE,🔄,BTCUSD,45vMEtYdWS3JUAf,,BUY,0.00263,LIMIT,78506,,,
2026-08-05 09:40:00.000000000,NEW,✨,BTCUSD,5myJQ8tX375Ql2c,,SELL,1.4E-4,LIMIT,79242,,,,Replace: XbdqrnjUiXE96kE
2026-08-05 09:40:00.000000000,REPLACE,🔄,BTCUSD,XbdqrnjUiXE96kE,,SELL,1.8E-4,LIMIT,79253,,,
2026-08-05 09:45:00.000000000,NEW,✨,BTCUSD,czwRXkFdUxy5udO,,BUY,0.00275,LIMIT,78474,,,,Replace: q2QOtKu8Vi0hCO2
2026-08-05 09:45:00.000000000,REPLACE,🔄,BTCUSD,q2QOtKu8Vi0hCO2,,BUY,0.00263,LIMIT,78506,,,
2026-08-05 09:45:00.000000000,NEW,✨,BTCUSD,dxJm0T2aPgwgQK0,,SELL,6E-5,LIMIT,79221,,,,Replace: 5myJQ8tX375Ql2c
2026-08-05 09:45:00.000000000,REPLACE,🔄,BTCUSD,5myJQ8tX375Ql2c,,SELL,1.4E-4,LIMIT,79242,,,
2026-08-05 09:50:00.000000000,NEW,✨,BTCUSD,PwSTBBb7TCvTcsk,,BUY,0.00279,LIMIT,78464,,,,Replace: czwRXkFdUxy5udO
2026-08-05 09:50:00.000000000,REPLACE,🔄,BTCUSD,czwRXkFdUxy5udO,,BUY,0.00275,LIMIT,78474,,,
2026-08-05 09:50:00.000000000,NEW,✨,BTCUSD,B8fFZoBdkGmx4cN,,SELL,1E-5,LIMIT,79206,,,,Replace: dxJm0T2aPgwgQK0
2026-08-05 09:50:00.000000000,REPLACE,🔄,BTCUSD,dxJm0T2aPgwgQK0,,SELL,6E-5,LIMIT,79221,,,
2026-08-05 09:55:00.000000000,NEW,✨,BTCUSD,BtxVqbwcSStrK76,,BUY,0.00278,LIMIT,78466,,,,Replace: PwSTBBb7TCvTcsk
2026-08-05 09:55:00.000000000,REPLACE,🔄,BTCUSD,PwSTBBb7TCvTcsk,,BUY,0.00279,LIMIT,78464,,,
2026-08-05 09:55:00.000000000,NEW,✨,BTCUSD,jI0i8AKg6pdEjvl,,SELL,5E-5,LIMIT,79196,,,,Replace: B8fFZoBdkGmx4cN
2026-08-05 09:55:00.000000000,REPLACE,🔄,BTCUSD,B8fFZoBdkGmx4cN,,SELL,1E-5,LIMIT,79206,,,
2026-08-05 10:00:00.000000000,NEW,✨,BTCUSD,xpTXU1H7RhqF2MS,,BUY,0.00285,LIMIT,78448,,,,Replace: BtxVqbwcSStrK76
2026-08-05 10:00:00.000000000,REPLACE,🔄,BTCUSD,BtxVqbwcSStrK76,,BUY,0.00278,LIMIT,78466,,,
2026-08-05 10:00:00.000000000,NEW,✨,BTCUSD,HTLBhVUjRPUUOD9,,SELL,1.1E-4,LIMIT,79179,,,,Replace: jI0i8AKg6pdEjvl
2026-08-05 10:00:00.000000000,REPLACE,🔄,BTCUSD,jI0i8AKg6pdEjvl,,SELL,5E-5,LIMIT,79196,,,
2026-08-05 10:05:00.000000000,NEW,✨,BTCUSD,jmzZ8SdcQxndkao,,BUY,0.00288,LIMIT,78439,,,,Replace: xpTXU1H7RhqF2MS
2026-08-05 10:05:00.000000000,REPLACE,🔄,BTCUSD,xpTXU1H7RhqF2MS,,BUY,0.00285,LIMIT,78448,,,
2026-08-05 10:05:00.000000000,NEW,✨,BTCUSD,peheHqdmnyLl3VW,,SELL,1.6E-4,LIMIT,79165,,,,Replace: HTLBhVUjRPUUOD9
2026-08-05 10:05:00.000000000,REPLACE,🔄,BTCUSD,HTLBhVUjRPUUOD9,,SELL,1.1E-4,LIMIT,79179,,,
2026-08-05 10:10:00.000000000,NEW,✨,BTCUSD,WjUbnsy6PCl1SpB,,BUY,0.00283,LIMIT,78453,,,,Replace: jmzZ8SdcQxndkao
2026-08-05 10:10:00.000000000,REPLACE,🔄,BTCUSD,jmzZ8SdcQxndkao,,BUY,0.00288,LIMIT,78439,,,
2026-08-05 10:10:00.000000000,NEW,✨,BTCUSD,No27qBmp8XB1hnu,,SELL,1.8E-4,LIMIT,79158,,,,Replace: peheHqdmnyLl3VW
2026-08-05 10:10:00.000000000,REPLACE,🔄,BTCUSD,peheHqdmnyLl3VW,,SELL,1.6E-4,LIMIT,79165,,,
2026-08-05 10:15:00.000000000,NEW,✨,BTCUSD,Ig0eRJKbORiPA4X,,BUY,0.00282,LIMIT,78455,,,,Replace: WjUbnsy6PCl1SpB
2026-08-05 10:15:00.000000000,REPLACE,🔄,BTCUSD,WjUbnsy6PCl1SpB,,BUY,0.00283,LIMIT,78453,,,
2026-08-05 10:15:00.000000000,NEW,✨,BTCUSD,vzNaPXvsU72IM6I,,SELL,2.2E-4,LIMIT,79148,,,,Replace: No27qBmp8XB1hnu
2026-08-05 10:15:00.000000000,REPLACE,🔄,BTCUSD,No27qBmp8XB1hnu,,SELL,1.8E-4,LIMIT,79158,,,
2026-08-05 10:20:00.000000000,NEW,✨,BTCUSD,4dVg5jf6NhgnsJt,,BUY,0.00277,LIMIT,78470,,,,Replace: Ig0eRJKbORiPA4X
2026-08-05 10:20:00.000000000,REPLACE,🔄,BTCUSD,Ig0eRJKbORiPA4X,,BUY,0.00282,LIMIT,78455,,,
2026-08-05 10:20:00.000000000,NEW,✨,BTCUSD,TAj3ys4vpgtZ1Of,,SELL,2.4E-4,LIMIT,79143,,,,Replace: vzNaPXvsU72IM6I
2026-08-05 10:20:00.000000000,REPLACE,🔄,BTCUSD,vzNaPXvsU72IM6I,,SELL,2.2E-4,LIMIT,79148,,,
2026-08-05 10:25:00.000000000,NEW,✨,BTCUSD,qa1ikA1bMwdBaXF,,BUY,0.00268,LIMIT,78492,,,,Replace: 4dVg5jf6NhgnsJt
2026-08-05 10:25:00.000000000,REPLACE,🔄,BTCUSD,4dVg5jf6NhgnsJt,,BUY,0.00277,LIMIT,78470,,,
2026-08-05 10:25:00.000000000,NEW,✨,BTCUSD,1K4WYDEyBGkpfg3,,SELL,2.4E-4,LIMIT,79142,,,,Replace: TAj3ys4vpgtZ1Of
2026-08-05 10:25:00.000000000,REPLACE,🔄,BTCUSD,TAj3ys4vpgtZ1Of,,SELL,2.4E-4,LIMIT,79143,,,
2026-08-05 10:30:00.000000000,NEW,✨,BTCUSD,cXXkOaM5LCaZImb,,BUY,0.00262,LIMIT,78510,,,,Replace: qa1ikA1bMwdBaXF
2026-08-05 10:30:00.000000000,REPLACE,🔄,BTCUSD,qa1ikA1bMwdBaXF,,BUY,0.00268,LIMIT,78492,,,
2026-08-05 10:30:00.000000000,NEW,✨,BTCUSD,ZVPz7YN1Wpa6KyR,,SELL,2.5E-4,LIMIT,79140,,,,Replace: 1K4WYDEyBGkpfg3
2026-08-05 10:30:00.000000000,REPLACE,🔄,BTCUSD,1K4WYDEyBGkpfg3,,SELL,2.4E-4,LIMIT,79142,,,
2026-08-05 10:35:00.000000000,NEW,✨,BTCUSD,PU2m31haKRYx01y,,BUY,0.00255,LIMIT,78527,,,,Replace: cXXkOaM5LCaZImb
2026-08-05 10:35:00.000000000,REPLACE,🔄,BTCUSD,cXXkOaM5LCaZImb,,BUY,0.00262,LIMIT,78510,,,
2026-08-05 10:35:00.000000000,NEW,✨,BTCUSD,7glSgtW4sPRMzHo,,SELL,2.6E-4,LIMIT,79137,,,,Replace: ZVPz7YN1Wpa6KyR
2026-08-05 10:35:00.000000000,REPLACE,🔄,BTCUSD,ZVPz7YN1Wpa6KyR,,SELL,2.5E-4,LIMIT,79140,,,
2026-08-05 10:40:00.000000000,NEW,✨,BTCUSD,BRYohR35JgVLiGK,,BUY,0.00256,LIMIT,78524,,,,Replace: PU2m31haKRYx01y
2026-08-05 10:40:00.000000000,REPLACE,🔄,BTCUSD,PU2m31haKRYx01y,,BUY,0.00255,LIMIT,78527,,,
2026-08-05 10:40:00.000000000,NEW,✨,BTCUSD,gr6vFFf7DyIddZC,,SELL,3E-4,LIMIT,79127,,,,Replace: 7glSgtW4sPRMzHo
2026-08-05 10:40:00.000000000,REPLACE,🔄,BTCUSD,7glSgtW4sPRMzHo,,SELL,2.6E-4,LIMIT,79137,,,
2026-08-05 10:45:00.000000000,NEW,✨,BTCUSD,xN3qLsOZIwTjQVg,,BUY,0.00255,LIMIT,78528,,,,Replace: BRYohR35JgVLiGK
2026-08-05 10:45:00.000000000,REPLACE,🔄,BTCUSD,BRYohR35JgVLiGK,,BUY,0.00256,LIMIT,78524,,,
2026-08-05 10:45:00.000000000,NEW,✨,BTCUSD,E1ROpapAZY9uIra,,SELL,3.3E-4,LIMIT,79118,,,,Replace: gr6vFFf7DyIddZC
2026-08-05 10:45:00.000000000,REPLACE,🔄,BTCUSD,gr6vFFf7DyIddZC,,SELL,3E-4,LIMIT,79127,,,
2026-08-05 10:50:00.000000000,NEW,✨,BTCUSD,jKZt0Ik4HBQ78j2,,BUY,0.00249,LIMIT,78542,,,,Replace: xN3qLsOZIwTjQVg
2026-08-05 10:50:00.000000000,REPLACE,🔄,BTCUSD,xN3qLsOZIwTjQVg,,BUY,0.00255,LIMIT,78528,,,
2026-08-05 10:50:00.000000000,NEW,✨,BTCUSD,mCnsOvyDu7zAx9x,,SELL,3.5E-4,LIMIT,79114,,,,Replace: E1ROpapAZY9uIra
2026-08-05 10:50:00.000000000,REPLACE,🔄,BTCUSD,E1ROpapAZY9uIra,,SELL,3.3E-4,LIMIT,79118,,,
2026-08-05 10:55:00.000000000,NEW,✨,BTCUSD,WH5vej5ZGRNVqyO,,BUY,0.00242,LIMIT,78562,,,,Replace: jKZt0Ik4HBQ78j2
2026-08-05 10:55:00.000000000,REPLACE,🔄,BTCUSD,jKZt0Ik4HBQ78j2,,BUY,0.00249,LIMIT,78542,,,
2026-08-05 10:55:00.000000000,NEW,✨,BTCUSD,KN8LxG7GGhqRcSL,,SELL,3.4E-4,LIMIT,79117,,,,Replace: mCnsOvyDu7zAx9x
2026-08-05 10:55:00.000000000,REPLACE,🔄,BTCUSD,mCnsOvyDu7zAx9x,,SELL,3.5E-4,LIMIT,79114,,,
2026-08-05 10:55:00.000000000,FILL,,BTCUSD,KN8LxG7GGhqRcSL,,SELL,3.4E-4,LIMIT,79117,,79117,3.4E-4
2026-08-05 10:55:00.000000000,FILLED,✅,BTCUSD,KN8LxG7GGhqRcSL,,SELL,0,LIMIT,79117,,,
2026-08-05 10:55:00.000000000,NEW,✨,BTCUSD,6BhEVw1DMqTSBsN,,SELL,3.4E-4,LIMIT,79393,,,
2026-08-05 11:00:00.000000000,NEW,✨,BTCUSD,IEaxI9R4FgLsYDk,,BUY,0.00164,LIMIT,78852,,,,Replace: WH5vej5ZGRNVqyO
2026-08-05 11:00:00.000000000,REPLACE,🔄,BTCUSD,WH5vej5ZGRNVqyO,,BUY,0.00242,LIMIT,78562,,,
2026-08-05 11:00:00.000000000,NEW,✨,BTCUSD,sXToWbGJbGhhGkj,,SELL,3.3E-4,LIMIT,79393,,,,Replace: 6BhEVw1DMqTSBsN
2026-08-05 11:00:00.000000000,REPLACE,🔄,BTCUSD,6BhEVw1DMqTSBsN,,SELL,3.4E-4,LIMIT,79393,,,
2026-08-05 11:05:00.000000000,NEW,✨,BTCUSD,4B6zxamYEvIGGS7,,BUY,0.0016,LIMIT,78865,,,,Replace: IEaxI9R4FgLsYDk
2026-08-05 11:05:00.000000000,REPLACE,🔄,BTCUSD,IEaxI9R4FgLsYDk,,BUY,0.00164,LIMIT,78852,,,
2026-08-05 11:05:00.000000000,NEW,✨,BTCUSD,QipH5xPMxqYyv26,,SELL,3.5E-4,LIMIT,79399,,,,Replace: sXToWbGJbGhhGkj
2026-08-05 11:05:00.000000000,REPLACE,🔄,BTCUSD,sXToWbGJbGhhGkj,,SELL,3.3E-4,LIMIT,79393,,,
2026-08-05 11:10:00.000000000,NEW,✨,BTCUSD,q8c1b083DBFeyhT,,BUY,0.00156,LIMIT,78876,,,,Replace: 4B6zxamYEvIGGS7
2026-08-05 11:10:00.000000000,REPLACE,🔄,BTCUSD,4B6zxamYEvIGGS7,,BUY,0.0016,LIMIT,78865,,,
2026-08-05 11:10:00.000000000,NEW,✨,BTCUSD,ytAkfIZPIPPFaKU,,SELL,4.1E-4,LIMIT,79414,,,,Replace: QipH5xPMxqYyv26
2026-08-05 11:10:00.000000000,REPLACE,🔄,BTCUSD,QipH5xPMxqYyv26,,SELL,3.5E-4,LIMIT,79399,,,
2026-08-05 11:15:00.000000000,NEW,✨,BTCUSD,d573FRTYCQD2gvp,,BUY,0.00151,LIMIT,78887,,,,Replace: q8c1b083DBFeyhT
2026-08-05 11:15:00.000000000,REPLACE,🔄,BTCUSD,q8c1b083DBFeyhT,,BUY,0.00156,LIMIT,78876,,,
2026-08-05 11:15:00.000000000,NEW,✨,BTCUSD,W4VDEdiSeyFVEds,,SELL,4.6E-4,LIMIT,79429,,,,Replace: ytAkfIZPIPPFaKU
2026-08-05 11:15:00.000000000,REPLACE,🔄,BTCUSD,ytAkfIZPIPPFaKU,,SELL,4.1E-4,LIMIT,79414,,,
2026-08-05 11:20:00.000000000,NEW,✨,BTCUSD,P2d6uro3BgAQOAB,,BUY,0.00154,LIMIT,78881,,,,Replace: d573FRTYCQD2gvp
2026-08-05 11:20:00.000000000,REPLACE,🔄,BTCUSD,d573FRTYCQD2gvp,,BUY,0.00151,LIMIT,78887,,,
2026-08-05 11:20:00.000000000,NEW,✨,BTCUSD,4ErgnyrVzY6mtvF,,SELL,6.8E-4,LIMIT,79489,,,,Replace: W4VDEdiSeyFVEds
2026-08-05 11:20:00.000000000,REPLACE,🔄,BTCUSD,W4VDEdiSeyFVEds,,SELL,4.6E-4,LIMIT,79429,,,
2026-08-05 11:20:00.000000000,FILL,,BTCUSD,4ErgnyrVzY6mtvF,,SELL,6.8E-4,LIMIT,79489,,79489,6.8E-4
2026-08-05 11:20:00.000000000,FILLED,✅,BTCUSD,4ErgnyrVzY6mtvF,,SELL,0,LIMIT,79489,,,
2026-08-05 11:20:00.000000000,NEW,✨,BTCUSD,58nV9D2TTFho9al,,SELL,0.00104,LIMIT,79793,,,
2026-08-05 11:25:00.000000000,NEW,✨,BTCUSD,Bz88YIAXAv8o6PX,,BUY,9.4E-4,LIMIT,79219,,,,Replace: P2d6uro3BgAQOAB
2026-08-05 11:25:00.000000000,REPLACE,🔄,BTCUSD,P2d6uro3BgAQOAB,,BUY,0.00154,LIMIT,78881,,,
2026-08-05 11:25:00.000000000,NEW,✨,BTCUSD,cPC9MJ0YL7x2YDd,,SELL,0.00149,LIMIT,79924,,,,Replace: 58nV9D2TTFho9al
2026-08-05 11:25:00.000000000,REPLACE,🔄,BTCUSD,58nV9D2TTFho9al,,SELL,0.00104,LIMIT,79793,,,
2026-08-05 11:30:00.000000000,NEW,✨,BTCUSD,xveACiV29A5Coet,,BUY,8.4E-4,LIMIT,79247,,,,Replace: Bz88YIAXAv8o6PX
2026-08-05 11:30:00.000000000,REPLACE,🔄,BTCUSD,Bz88YIAXAv8o6PX,,BUY,9.4E-4,LIMIT,79219,,,
2026-08-05 11:30:00.000000000,NEW,✨,BTCUSD,AaXcwfAbghoJCW1,,SELL,0.00175,LIMIT,80001,,,,Replace: cPC9MJ0YL7x2YDd
2026-08-05 11:30:00.000000000,REPLACE,🔄,BTCUSD,cPC9MJ0YL7x2YDd,,SELL,0.00149,LIMIT,79924,,,
2026-08-05 11:35:00.000000000,NEW,✨,BTCUSD,jsACr9rX8Q2aWsG,,BUY,7.3E-4,LIMIT,79280,,,,Replace: xveACiV29A5Coet
2026-08-05 11:35:00.000000000,REPLACE,🔄,BTCUSD,xveACiV29A5Coet,,BUY,8.4E-4,LIMIT,79247,,,
2026-08-05 11:35:00.000000000,NEW,✨,BTCUSD,ikt5V0Je2GearoO,,SELL,0.0021,LIMIT,80104,,,,Replace: AaXcwfAbghoJCW1
2026-08-05 11:35:00.000000000,REPLACE,🔄,BTCUSD,AaXcwfAbghoJCW1,,SELL,0.00175,LIMIT,80001,,,
2026-08-05 11:40:00.000000000,NEW,✨,BTCUSD,WpfEVZC27f0yE7c,,BUY,5.9E-4,LIMIT,79319,,,,Replace: jsACr9rX8Q2aWsG
2026-08-05 11:40:00.000000000,REPLACE,🔄,BTCUSD,jsACr9rX8Q2aWsG,,BUY,7.3E-4,LIMIT,79280,,,
2026-08-05 11:40:00.000000000,NEW,✨,BTCUSD,GvEY4LShNqVqW6m,,SELL,0.00252,LIMIT,80230,,,,Replace: ikt5V0Je2GearoO
2026-08-05 11:40:00.000000000,REPLACE,🔄,BTCUSD,ikt5V0Je2GearoO,,SELL,0.0021,LIMIT,80104,,,
2026-08-05 11:45:00.000000000,NEW,✨,BTCUSD,ImBG90YW6vxMwMy,,BUY,4.4E-4,LIMIT,79363,,,,Replace: WpfEVZC27f0yE7c
2026-08-05 11:45:00.000000000,REPLACE,🔄,BTCUSD,WpfEVZC27f0yE7c,,BUY,5.9E-4,LIMIT,79319,,,
2026-08-05 11:45:00.000000000,NEW,✨,BTCUSD,o6Z1dgbkjPM7AOA,,SELL,0.00302,LIMIT,80377,,,,Replace: GvEY4LShNqVqW6m
2026-08-05 11:45:00.000000000,REPLACE,🔄,BTCUSD,GvEY4LShNqVqW6m,,SELL,0.00252,LIMIT,80230,,,
2026-08-05 11:50:00.000000000,NEW,✨,BTCUSD,4jhJoQt15AvkebK,,BUY,3.2E-4,LIMIT,79396,,,,Replace: ImBG90YW6vxMwMy
2026-08-05 11:50:00.000000000,REPLACE,🔄,BTCUSD,ImBG90YW6vxMwMy,,BUY,4.4E-4,LIMIT,79363,,,
2026-08-05 11:50:00.000000000,NEW,✨,BTCUSD,MHvUD1ln4zDNphX,,SELL,0.00326,LIMIT,80450,,,,Replace: o6Z1dgbkjPM7AOA
2026-08-05 11:50:00.000000000,REPLACE,🔄,BTCUSD,o6Z1dgbkjPM7AOA,,SELL,0.00302,LIMIT,80377,,,
2026-08-05 11:55:00.000000000,NEW,✨,BTCUSD,qgCLSrFW4Ps8Mqg,,BUY,1.7E-4,LIMIT,79440,,,,Replace: 4jhJoQt15AvkebK
2026-08-05 11:55:00.000000000,REPLACE,🔄,BTCUSD,4jhJoQt15AvkebK,,BUY,3.2E-4,LIMIT,79396,,,
2026-08-05 11:55:00.000000000,NEW,✨,BTCUSD,uRGxmNuqQY3eUzv,,SELL,0.00368,LIMIT,80574,,,,Replace: MHvUD1ln4zDNphX
2026-08-05 11:55:00.000000000,REPLACE,🔄,BTCUSD,MHvUD1ln4zDNphX,,SELL,0.00326,LIMIT,80450,,,
2026-08-05 12:00:00.000000000,NEW,✨,BTCUSD,ddiN6Ha03fpW442,,BUY,5E-5,LIMIT,79477,,,,Replace: qgCLSrFW4Ps8Mqg
2026-08-05 12:00:00.000000000,REPLACE,🔄,BTCUSD,qgCLSrFW4Ps8Mqg,,BUY,1.7E-4,LIMIT,79440,,,
2026-08-05 12:00:00.000000000,NEW,✨,BTCUSD,ScbQLi3tl8uv9HJ,,SELL,0.00394,LIMIT,80653,,,,Replace: uRGxmNuqQY3eUzv
2026-08-05 12:00:00.000000000,REPLACE,🔄,BTCUSD,uRGxmNuqQY3eUzv,,SELL,0.00368,LIMIT,80574,,,
2026-08-05 12:05:00.000000000,NEW,✨,BTCUSD,PaDPlhvV2unumJP,,BUY,7E-5,LIMIT,79508,,,,Replace: ddiN6Ha03fpW442
2026-08-05 12:05:00.000000000,REPLACE,🔄,BTCUSD,ddiN6Ha03fpW442,,BUY,5E-5,LIMIT,79477,,,
2026-08-05 12:05:00.000000000,NEW,✨,BTCUSD,0nxtu3Cw7hlBnZg,,SELL,0.0041,LIMIT,80699,,,,Replace: ScbQLi3tl8uv9HJ
2026-08-05 12:05:00.000000000,REPLACE,🔄,BTCUSD,ScbQLi3tl8uv9HJ,,SELL,0.00394,LIMIT,80653,,,
2026-08-05 12:10:00.000000000,NEW,✨,BTCUSD,BXjRP8H019kIUYl,,BUY,1.4E-4,LIMIT,79529,,,,Replace: PaDPlhvV2unumJP
2026-08-05 12:10:00.000000000,REPLACE,🔄,BTCUSD,PaDPlhvV2unumJP,,BUY,7E-5,LIMIT,79508,,,
2026-08-05 12:10:00.000000000,NEW,✨,BTCUSD,YxIMUOLzSGcSSs4,,SELL,0.00412,LIMIT,80707,,,,Replace: 0nxtu3Cw7hlBnZg
2026-08-05 12:10:00.000000000,REPLACE,🔄,BTCUSD,0nxtu3Cw7hlBnZg,,SELL,0.0041,LIMIT,80699,,,
2026-08-05 12:15:00.000000000,NEW,✨,BTCUSD,xTFT3YcV0PhgCn7,,BUY,2.2E-4,LIMIT,79553,,,,Replace: BXjRP8H019kIUYl
2026-08-05 12:15:00.000000000,REPLACE,🔄,BTCUSD,BXjRP8H019kIUYl,,BUY,1.4E-4,LIMIT,79529,,,
2026-08-05 12:15:00.000000000,NEW,✨,BTCUSD,68dp3kV2oqSi7AS,,SELL,0.00418,LIMIT,80723,,,,Replace: YxIMUOLzSGcSSs4
2026-08-05 12:15:00.000000000,REPLACE,🔄,BTCUSD,YxIMUOLzSGcSSs4,,SELL,0.00412,LIMIT,80707,,,
2026-08-05 12:20:00.000000000,NEW,✨,BTCUSD,jQkVizyzzef4u1T,,BUY,2.7E-4,LIMIT,79567,,,,Replace: xTFT3YcV0PhgCn7
2026-08-05 12:20:00.000000000,REPLACE,🔄,BTCUSD,xTFT3YcV0PhgCn7,,BUY,2.2E-4,LIMIT,79553,,,
2026-08-05 12:20:00.000000000,NEW,✨,BTCUSD,eJzIc5e59PJzlSp,,SELL,0.00414,LIMIT,80711,,,,Replace: 68dp3kV2oqSi7AS
2026-08-05 12:20:00.000000000,REPLACE,🔄,BTCUSD,68dp3kV2oqSi7AS,,SELL,0.00418,LIMIT,80723,,,
2026-08-05 12:25:00.000000000,NEW,✨,BTCUSD,WNGYMPJUyucScGp,,BUY,3.1E-4,LIMIT,79578,,,,Replace: jQkVizyzzef4u1T
2026-08-05 12:25:00.000000000,REPLACE,🔄,BTCUSD,jQkVizyzzef4u1T,,BUY,2.7E-4,LIMIT,79567,,,
2026-08-05 12:25:00.000000000,NEW,✨,BTCUSD,CTKlBQn8VzAGQkD,,SELL,0.00407,LIMIT,80690,,,,Replace: eJzIc5e59PJzlSp
2026-08-05 12:25:00.000000000,REPLACE,🔄,BTCUSD,eJzIc5e59PJzlSp,,SELL,0.00414,LIMIT,80711,,,
2026-08-05 12:30:00.000000000,NEW,✨,BTCUSD,IKla0qfzx9aqKVB,,BUY,3.4E-4,LIMIT,79586,,,,Replace: WNGYMPJUyucScGp
2026-08-05 12:30:00.000000000,REPLACE,🔄,BTCUSD,WNGYMPJUyucScGp,,BUY,3.1E-4,LIMIT,79578,,,
2026-08-05 12:30:00.000000000,NEW,✨,BTCUSD,kefEllwBqY1W53b,,SELL,0.00399,LIMIT,80667,,,,Replace: CTKlBQn8VzAGQkD
2026-08-05 12:30:00.000000000,REPLACE,🔄,BTCUSD,CTKlBQn8VzAGQkD,,SELL,0.00407,LIMIT,80690,,,
2026-08-05 12:35:00.000000000,NEW,✨,BTCUSD,4HHcfG0UwOXE2kY,,BUY,3.5E-4,LIMIT,79589,,,,Replace: IKla0qfzx9aqKVB
2026-08-05 12:35:00.000000000,REPLACE,🔄,BTCUSD,IKla0qfzx9aqKVB,,BUY,3.4E-4,LIMIT,79586,,,
2026-08-05 12:35:00.000000000,NEW,✨,BTCUSD,Ip1hK66EC8rnjLy,,SELL,0.00389,LIMIT,80635,,,,Replace: kefEllwBqY1W53b
2026-08-05 12:35:00.000000000,REPLACE,🔄,BTCUSD,kefEllwBqY1W53b,,SELL,0.00399,LIMIT,80667,,,
2026-08-05 12:40:00.000000000,NEW,✨,BTCUSD,qEneJhMyveUckzu,,BUY,4E-4,LIMIT,79603,,,,Replace: 4HHcfG0UwOXE2kY
2026-08-05 12:40:00.000000000,REPLACE,🔄,BTCUSD,4HHcfG0UwOXE2kY,,BUY,3.5E-4,LIMIT,79589,,,
2026-08-05 12:40:00.000000000,NEW,✨,BTCUSD,q0MBtSFHXhi3OdM,,SELL,0.00386,LIMIT,80628,,,,Replace: Ip1hK66EC8rnjLy
2026-08-05 12:40:00.000000000,REPLACE,🔄,BTCUSD,Ip1hK66EC8rnjLy,,SELL,0.00389,LIMIT,80635,,,
2026-08-05 12:45:00.000000000,NEW,✨,BTCUSD,dBIgy7hTutS0SDG,,BUY,4.6E-4,LIMIT,79621,,,,Replace: qEneJhMyveUckzu
2026-08-05 12:45:00.000000000,REPLACE,🔄,BTCUSD,qEneJhMyveUckzu,,BUY,4E-4,LIMIT,79603,,,
2026-08-05 12:45:00.000000000,NEW,✨,BTCUSD,OAieSnOLtHZK3vk,,SELL,0.00387,LIMIT,80632,,,,Replace: q0MBtSFHXhi3OdM
2026-08-05 12:45:00.000000000,REPLACE,🔄,BTCUSD,q0MBtSFHXhi3OdM,,SELL,0.00386,LIMIT,80628,,,
2026-08-05 12:50:00.000000000,NEW,✨,BTCUSD,P8oicY2yt9PNASc,,BUY,5.3E-4,LIMIT,79643,,,,Replace: dBIgy7hTutS0SDG
2026-08-05 12:50:00.000000000,REPLACE,🔄,BTCUSD,dBIgy7hTutS0SDG,,BUY,4.6E-4,LIMIT,79621,,,
2026-08-05 12:50:00.000000000,NEW,✨,BTCUSD,wL3718XOEqQbiE7,,SELL,0.00395,LIMIT,80654,,,,Replace: OAieSnOLtHZK3vk
2026-08-05 12:50:00.000000000,REPLACE,🔄,BTCUSD,OAieSnOLtHZK3vk,,SELL,0.00387,LIMIT,80632,,,